Workbook

Sheet main
A1: Day | B1: Date | D1: 队 | E1: 剩步 | F1: 1 | G1: 2 | H1: 3 | I1: 4 | J1: 5 | K1: 6 | L1: 7 | M1: 8 | N1: 9 | O1: 10 | P1: 11 | Q1: 12 | R1: 13 | S1: 14 | T1: 15 | U1: 16 | V1: 17 | W1: 18 | X1: 19 | Y1: 20 | Z1: 21 | AA1: 22 | AB1: 23 | AC1: 24 | AD1: 25 | AE1: 跳 | AF1: Note
A2: 1 | B2: =INDEX(data!$I$2:$I$91,MATCH(A2*1,data!$G$2:$G$91,0)) -> 46185 | C2: =HYPERLINK("#'" & A2 & "'!A1", "编辑") -> 编辑 | D2: 1队 | E2: {=INDIRECT("'"&$A3&"'!I2")} -> 6 | F2: {=INDIRECT("'"&$A2&"'!C8")} -> 0 | G2: {=INDIRECT("'"&$A2&"'!D8")} -> 0 | H2: {=INDIRECT("'"&$A2&"'!E8")} -> 0 | I2: {=INDIRECT("'"&$A2&"'!F8")} -> 0 | J2: {=INDIRECT("'"&$A2&"'!G8")} -> 0 | K2: {=INDIRECT("'"&$A2&"'!H8")} -> 0 | L2: {=INDIRECT("'"&$A2&"'!I8")} -> 0 | M2: {=INDIRECT("'"&$A2&"'!J8")} -> 0 | N2: {=INDIRECT("'"&$A2&"'!K8")} -> 0 | O2: {=INDIRECT("'"&$A2&"'!L8")} -> 0 | P2: {=INDIRECT("'"&$A2&"'!M8")} -> 0 | Q2: {=INDIRECT("'"&$A2&"'!N8")} -> 0 | R2: {=INDIRECT("'"&$A2&"'!O8")} -> 0 | S2: {=INDIRECT("'"&$A2&"'!P8")} -> 0 | T2: {=INDIRECT("'"&$A2&"'!Q8")} -> 0 | U2: {=INDIRECT("'"&$A2&"'!R8")} -> 0 | V2: {=INDIRECT("'"&$A2&"'!S8")} -> 0 | W2: {=INDIRECT("'"&$A2&"'!T8")} -> 0 | X2: {=INDIRECT("'"&$A2&"'!U8")} -> 0 | Y2: {=INDIRECT("'"&$A2&"'!V8")} -> 0 | Z2: {=INDIRECT("'"&$A2&"'!W8")} -> 0 | AA2: {=INDIRECT("'"&$A2&"'!X8")} -> 0 | AB2: {=INDIRECT("'"&$A2&"'!Y8")} -> 0 | AC2: {=INDIRECT("'"&$A2&"'!Z8")} -> 0 | AD2: {=INDIRECT("'"&$A2&"'!AA8")} -> 0 | AE2: {=INDIRECT("'"&$A3&"'!J2")} -> 0 | AF2: {=INDIRECT("'"&$A3&"'!AD1")}
A3: 1 | C3: {=CONCATENATE("粮 ",INDIRECT("'"&$A3&"'!D4"))} -> 粮 6800 | D3: 2队 | E3: {=INDIRECT("'"&$A3&"'!I3")} -> 6 | F3: {=INDIRECT("'"&$A3&"'!C11")} -> 0 | G3: {=INDIRECT("'"&$A3&"'!D11")} -> 0 | H3: {=INDIRECT("'"&$A3&"'!E11")} -> 0 | I3: {=INDIRECT("'"&$A3&"'!F11")} -> 0 | J3: {=INDIRECT("'"&$A3&"'!G11")} -> 0 | K3: {=INDIRECT("'"&$A3&"'!H11")} -> 0 | L3: {=INDIRECT("'"&$A3&"'!I11")} -> 0 | M3: {=INDIRECT("'"&$A3&"'!J11")} -> 0 | N3: {=INDIRECT("'"&$A3&"'!K11")} -> 0 | O3: {=INDIRECT("'"&$A3&"'!L11")} -> 0 | P3: {=INDIRECT("'"&$A3&"'!M11")} -> 0 | Q3: {=INDIRECT("'"&$A3&"'!N11")} -> 0 | R3: {=INDIRECT("'"&$A3&"'!O11")} -> 0 | S3: {=INDIRECT("'"&$A3&"'!P11")} -> 0 | T3: {=INDIRECT("'"&$A3&"'!Q11")} -> 0 | U3: {=INDIRECT("'"&$A3&"'!R11")} -> 0 | V3: {=INDIRECT("'"&$A3&"'!S11")} -> 0 | W3: {=INDIRECT("'"&$A3&"'!T11")} -> 0 | X3: {=INDIRECT("'"&$A3&"'!U11")} -> 0 | Y3: {=INDIRECT("'"&$A3&"'!V11")} -> 0 | Z3: {=INDIRECT("'"&$A3&"'!W11")} -> 0 | AA3: {=INDIRECT("'"&$A3&"'!X11")} -> 0 | AB3: {=INDIRECT("'"&$A3&"'!Y11")} -> 0 | AC3: {=INDIRECT("'"&$A3&"'!Z11")} -> 0 | AD3: {=INDIRECT("'"&$A3&"'!AA11")} -> 0 | AE3: {=INDIRECT("'"&$A3&"'!J3")} -> 0 | AF3: {=INDIRECT("'"&$A3&"'!AC1")}
A4: 1 | C4: {=CONCATENATE("分 ",INDIRECT("'"&$A3&"'!D6"))} -> 分 0 | D4: 3队 | E4: {=INDIRECT("'"&$A3&"'!I4")} -> 6 | F4: {=INDIRECT("'"&$A4&"'!C14")} -> 0 | G4: {=INDIRECT("'"&$A4&"'!D14")} -> 0 | H4: {=INDIRECT("'"&$A4&"'!E14")} -> 0 | I4: {=INDIRECT("'"&$A4&"'!F14")} -> 0 | J4: {=INDIRECT("'"&$A4&"'!G14")} -> 0 | K4: {=INDIRECT("'"&$A4&"'!H14")} -> 0 | L4: {=INDIRECT("'"&$A4&"'!I14")} -> 0 | M4: {=INDIRECT("'"&$A4&"'!J14")} -> 0 | N4: {=INDIRECT("'"&$A4&"'!K14")} -> 0 | O4: {=INDIRECT("'"&$A4&"'!L14")} -> 0 | P4: {=INDIRECT("'"&$A4&"'!M14")} -> 0 | Q4: {=INDIRECT("'"&$A4&"'!N14")} -> 0 | R4: {=INDIRECT("'"&$A4&"'!O14")} -> 0 | S4: {=INDIRECT("'"&$A4&"'!P14")} -> 0 | T4: {=INDIRECT("'"&$A4&"'!Q14")} -> 0 | U4: {=INDIRECT("'"&$A4&"'!R14")} -> 0 | V4: {=INDIRECT("'"&$A4&"'!S14")} -> 0 | W4: {=INDIRECT("'"&$A4&"'!T14")} -> 0 | X4: {=INDIRECT("'"&$A4&"'!U14")} -> 0 | Y4: {=INDIRECT("'"&$A4&"'!V14")} -> 0 | Z4: {=INDIRECT("'"&$A4&"'!W14")} -> 0 | AA4: {=INDIRECT("'"&$A4&"'!X14")} -> 0 | AB4: {=INDIRECT("'"&$A4&"'!Y14")} -> 0 | AC4: {=INDIRECT("'"&$A4&"'!Z14")} -> 0 | AD4: {=INDIRECT("'"&$A4&"'!AA14")} -> 0 | AE4: {=INDIRECT("'"&$A3&"'!J4")} -> 0
A5: 2 | B5: =INDEX(data!$I$2:$I$91,MATCH(A5*1,data!$G$2:$G$91,0)) -> 46186 | C5: =HYPERLINK("#'" & A5 & "'!A1", "编辑") -> 编辑 | D5: 1队 | E5: {=INDIRECT("'"&$A6&"'!I2")} -> 12 | F5: {=INDIRECT("'"&$A5&"'!C8")} -> 0 | G5: {=INDIRECT("'"&$A5&"'!D8")} -> 0 | H5: {=INDIRECT("'"&$A5&"'!E8")} -> 0 | I5: {=INDIRECT("'"&$A5&"'!F8")} -> 0 | J5: {=INDIRECT("'"&$A5&"'!G8")} -> 0 | K5: {=INDIRECT("'"&$A5&"'!H8")} -> 0 | L5: {=INDIRECT("'"&$A5&"'!I8")} -> 0 | M5: {=INDIRECT("'"&$A5&"'!J8")} -> 0 | N5: {=INDIRECT("'"&$A5&"'!K8")} -> 0 | O5: {=INDIRECT("'"&$A5&"'!L8")} -> 0 | P5: {=INDIRECT("'"&$A5&"'!M8")} -> 0 | Q5: {=INDIRECT("'"&$A5&"'!N8")} -> 0 | R5: {=INDIRECT("'"&$A5&"'!O8")} -> 0 | S5: {=INDIRECT("'"&$A5&"'!P8")} -> 0 | T5: {=INDIRECT("'"&$A5&"'!Q8")} -> 0 | U5: {=INDIRECT("'"&$A5&"'!R8")} -> 0 | V5: {=INDIRECT("'"&$A5&"'!S8")} -> 0 | W5: {=INDIRECT("'"&$A5&"'!T8")} -> 0 | X5: {=INDIRECT("'"&$A5&"'!U8")} -> 0 | Y5: {=INDIRECT("'"&$A5&"'!V8")} -> 0 | Z5: {=INDIRECT("'"&$A5&"'!W8")} -> 0 | AA5: {=INDIRECT("'"&$A5&"'!X8")} -> 0 | AB5: {=INDIRECT("'"&$A5&"'!Y8")} -> 0 | AC5: {=INDIRECT("'"&$A5&"'!Z8")} -> 0 | AD5: {=INDIRECT("'"&$A5&"'!AA8")} -> 0 | AE5: {=INDIRECT("'"&$A6&"'!J2")} -> 0 | AF5: {=INDIRECT("'"&$A6&"'!AD1")}
A6: 2 | C6: {=CONCATENATE("粮 ",INDIRECT("'"&$A6&"'!D4"))} -> 粮 8400 | D6: 2队 | E6: {=INDIRECT("'"&$A6&"'!I3")} -> 12 | F6: {=INDIRECT("'"&$A6&"'!C11")} -> 0 | G6: {=INDIRECT("'"&$A6&"'!D11")} -> 0 | H6: {=INDIRECT("'"&$A6&"'!E11")} -> 0 | I6: {=INDIRECT("'"&$A6&"'!F11")} -> 0 | J6: {=INDIRECT("'"&$A6&"'!G11")} -> 0 | K6: {=INDIRECT("'"&$A6&"'!H11")} -> 0 | L6: {=INDIRECT("'"&$A6&"'!I11")} -> 0 | M6: {=INDIRECT("'"&$A6&"'!J11")} -> 0 | N6: {=INDIRECT("'"&$A6&"'!K11")} -> 0 | O6: {=INDIRECT("'"&$A6&"'!L11")} -> 0 | P6: {=INDIRECT("'"&$A6&"'!M11")} -> 0 | Q6: {=INDIRECT("'"&$A6&"'!N11")} -> 0 | R6: {=INDIRECT("'"&$A6&"'!O11")} -> 0 | S6: {=INDIRECT("'"&$A6&"'!P11")} -> 0 | T6: {=INDIRECT("'"&$A6&"'!Q11")} -> 0 | U6: {=INDIRECT("'"&$A6&"'!R11")} -> 0 | V6: {=INDIRECT("'"&$A6&"'!S11")} -> 0 | W6: {=INDIRECT("'"&$A6&"'!T11")} -> 0 | X6: {=INDIRECT("'"&$A6&"'!U11")} -> 0 | Y6: {=INDIRECT("'"&$A6&"'!V11")} -> 0 | Z6: {=INDIRECT("'"&$A6&"'!W11")} -> 0 | AA6: {=INDIRECT("'"&$A6&"'!X11")} -> 0 | AB6: {=INDIRECT("'"&$A6&"'!Y11")} -> 0 | AC6: {=INDIRECT("'"&$A6&"'!Z11")} -> 0 | AD6: {=INDIRECT("'"&$A6&"'!AA11")} -> 0 | AE6: {=INDIRECT("'"&$A6&"'!J3")} -> 0 | AF6: {=INDIRECT("'"&$A6&"'!AC1")}
A7: 2 | C7: {=CONCATENATE("分 ",INDIRECT("'"&$A6&"'!D6"))} -> 分 0 | D7: 3队 | E7: {=INDIRECT("'"&$A6&"'!I4")} -> 12 | F7: {=INDIRECT("'"&$A7&"'!C14")} -> 0 | G7: {=INDIRECT("'"&$A7&"'!D14")} -> 0 | H7: {=INDIRECT("'"&$A7&"'!E14")} -> 0 | I7: {=INDIRECT("'"&$A7&"'!F14")} -> 0 | J7: {=INDIRECT("'"&$A7&"'!G14")} -> 0 | K7: {=INDIRECT("'"&$A7&"'!H14")} -> 0 | L7: {=INDIRECT("'"&$A7&"'!I14")} -> 0 | M7: {=INDIRECT("'"&$A7&"'!J14")} -> 0 | N7: {=INDIRECT("'"&$A7&"'!K14")} -> 0 | O7: {=INDIRECT("'"&$A7&"'!L14")} -> 0 | P7: {=INDIRECT("'"&$A7&"'!M14")} -> 0 | Q7: {=INDIRECT("'"&$A7&"'!N14")} -> 0 | R7: {=INDIRECT("'"&$A7&"'!O14")} -> 0 | S7: {=INDIRECT("'"&$A7&"'!P14")} -> 0 | T7: {=INDIRECT("'"&$A7&"'!Q14")} -> 0 | U7: {=INDIRECT("'"&$A7&"'!R14")} -> 0 | V7: {=INDIRECT("'"&$A7&"'!S14")} -> 0 | W7: {=INDIRECT("'"&$A7&"'!T14")} -> 0 | X7: {=INDIRECT("'"&$A7&"'!U14")} -> 0 | Y7: {=INDIRECT("'"&$A7&"'!V14")} -> 0 | Z7: {=INDIRECT("'"&$A7&"'!W14")} -> 0 | AA7: {=INDIRECT("'"&$A7&"'!X14")} -> 0 | AB7: {=INDIRECT("'"&$A7&"'!Y14")} -> 0 | AC7: {=INDIRECT("'"&$A7&"'!Z14")} -> 0 | AD7: {=INDIRECT("'"&$A7&"'!AA14")} -> 0 | AE7: {=INDIRECT("'"&$A6&"'!J4")} -> 0
A8: 3 | B8: =INDEX(data!$I$2:$I$91,MATCH(A8*1,data!$G$2:$G$91,0)) -> 46187 | C8: =HYPERLINK("#'" & A8 & "'!A1", "编辑") -> 编辑 | D8: 1队 | E8: {=INDIRECT("'"&$A9&"'!I2")} -> 18 | F8: {=INDIRECT("'"&$A8&"'!C8")} -> 0 | G8: {=INDIRECT("'"&$A8&"'!D8")} -> 0 | H8: {=INDIRECT("'"&$A8&"'!E8")} -> 0 | I8: {=INDIRECT("'"&$A8&"'!F8")} -> 0 | J8: {=INDIRECT("'"&$A8&"'!G8")} -> 0 | K8: {=INDIRECT("'"&$A8&"'!H8")} -> 0 | L8: {=INDIRECT("'"&$A8&"'!I8")} -> 0 | M8: {=INDIRECT("'"&$A8&"'!J8")} -> 0 | N8: {=INDIRECT("'"&$A8&"'!K8")} -> 0 | O8: {=INDIRECT("'"&$A8&"'!L8")} -> 0 | P8: {=INDIRECT("'"&$A8&"'!M8")} -> 0 | Q8: {=INDIRECT("'"&$A8&"'!N8")} -> 0 | R8: {=INDIRECT("'"&$A8&"'!O8")} -> 0 | S8: {=INDIRECT("'"&$A8&"'!P8")} -> 0 | T8: {=INDIRECT("'"&$A8&"'!Q8")} -> 0 | U8: {=INDIRECT("'"&$A8&"'!R8")} -> 0 | V8: {=INDIRECT("'"&$A8&"'!S8")} -> 0 | W8: {=INDIRECT("'"&$A8&"'!T8")} -> 0 | X8: {=INDIRECT("'"&$A8&"'!U8")} -> 0 | Y8: {=INDIRECT("'"&$A8&"'!V8")} -> 0 | Z8: {=INDIRECT("'"&$A8&"'!W8")} -> 0 | AA8: {=INDIRECT("'"&$A8&"'!X8")} -> 0 | AB8: {=INDIRECT("'"&$A8&"'!Y8")} -> 0 | AC8: {=INDIRECT("'"&$A8&"'!Z8")} -> 0 | AD8: {=INDIRECT("'"&$A8&"'!AA8")} -> 0 | AE8: {=INDIRECT("'"&$A9&"'!J2")} -> 0 | AF8: {=INDIRECT("'"&$A9&"'!AD1")}
A9: 3 | C9: {=CONCATENATE("粮 ",INDIRECT("'"&$A9&"'!D4"))} -> 粮 10000 | D9: 2队 | E9: {=INDIRECT("'"&$A9&"'!I3")} -> 18 | F9: {=INDIRECT("'"&$A9&"'!C11")} -> 0 | G9: {=INDIRECT("'"&$A9&"'!D11")} -> 0 | H9: {=INDIRECT("'"&$A9&"'!E11")} -> 0 | I9: {=INDIRECT("'"&$A9&"'!F11")} -> 0 | J9: {=INDIRECT("'"&$A9&"'!G11")} -> 0 | K9: {=INDIRECT("'"&$A9&"'!H11")} -> 0 | L9: {=INDIRECT("'"&$A9&"'!I11")} -> 0 | M9: {=INDIRECT("'"&$A9&"'!J11")} -> 0 | N9: {=INDIRECT("'"&$A9&"'!K11")} -> 0 | O9: {=INDIRECT("'"&$A9&"'!L11")} -> 0 | P9: {=INDIRECT("'"&$A9&"'!M11")} -> 0 | Q9: {=INDIRECT("'"&$A9&"'!N11")} -> 0 | R9: {=INDIRECT("'"&$A9&"'!O11")} -> 0 | S9: {=INDIRECT("'"&$A9&"'!P11")} -> 0 | T9: {=INDIRECT("'"&$A9&"'!Q11")} -> 0 | U9: {=INDIRECT("'"&$A9&"'!R11")} -> 0 | V9: {=INDIRECT("'"&$A9&"'!S11")} -> 0 | W9: {=INDIRECT("'"&$A9&"'!T11")} -> 0 | X9: {=INDIRECT("'"&$A9&"'!U11")} -> 0 | Y9: {=INDIRECT("'"&$A9&"'!V11")} -> 0 | Z9: {=INDIRECT("'"&$A9&"'!W11")} -> 0 | AA9: {=INDIRECT("'"&$A9&"'!X11")} -> 0 | AB9: {=INDIRECT("'"&$A9&"'!Y11")} -> 0 | AC9: {=INDIRECT("'"&$A9&"'!Z11")} -> 0 | AD9: {=INDIRECT("'"&$A9&"'!AA11")} -> 0 | AE9: {=INDIRECT("'"&$A9&"'!J3")} -> 0 | AF9: {=INDIRECT("'"&$A9&"'!AC1")}
A10: 3 | C10: {=CONCATENATE("分 ",INDIRECT("'"&$A9&"'!D6"))} -> 分 0 | D10: 3队 | E10: {=INDIRECT("'"&$A9&"'!I4")} -> 23 | F10: {=INDIRECT("'"&$A10&"'!C14")} -> 0 | G10: {=INDIRECT("'"&$A10&"'!D14")} -> 0 | H10: {=INDIRECT("'"&$A10&"'!E14")} -> 0 | I10: {=INDIRECT("'"&$A10&"'!F14")} -> 0 | J10: {=INDIRECT("'"&$A10&"'!G14")} -> 0 | K10: {=INDIRECT("'"&$A10&"'!H14")} -> 0 | L10: {=INDIRECT("'"&$A10&"'!I14")} -> 0 | M10: {=INDIRECT("'"&$A10&"'!J14")} -> 0 | N10: {=INDIRECT("'"&$A10&"'!K14")} -> 0 | O10: {=INDIRECT("'"&$A10&"'!L14")} -> 0 | P10: {=INDIRECT("'"&$A10&"'!M14")} -> 0 | Q10: {=INDIRECT("'"&$A10&"'!N14")} -> 0 | R10: {=INDIRECT("'"&$A10&"'!O14")} -> 0 | S10: {=INDIRECT("'"&$A10&"'!P14")} -> 0 | T10: {=INDIRECT("'"&$A10&"'!Q14")} -> 0 | U10: {=INDIRECT("'"&$A10&"'!R14")} -> 0 | V10: {=INDIRECT("'"&$A10&"'!S14")} -> 0 | W10: {=INDIRECT("'"&$A10&"'!T14")} -> 0 | X10: {=INDIRECT("'"&$A10&"'!U14")} -> 0 | Y10: {=INDIRECT("'"&$A10&"'!V14")} -> 0 | Z10: {=INDIRECT("'"&$A10&"'!W14")} -> 0 | AA10: {=INDIRECT("'"&$A10&"'!X14")} -> 0 | AB10: {=INDIRECT("'"&$A10&"'!Y14")} -> 0 | AC10: {=INDIRECT("'"&$A10&"'!Z14")} -> 0 | AD10: {=INDIRECT("'"&$A10&"'!AA14")} -> 0 | AE10: {=INDIRECT("'"&$A9&"'!J4")} -> 0
A11: 4 | B11: =INDEX(data!$I$2:$I$91,MATCH(A11*1,data!$G$2:$G$91,0)) -> 46188 | C11: =HYPERLINK("#'" & A11 & "'!A1", "编辑") -> 编辑 | D11: 1队 | E11: {=INDIRECT("'"&$A12&"'!I2")} -> 18 | F11: {=INDIRECT("'"&$A11&"'!C8")} -> 0 | G11: {=INDIRECT("'"&$A11&"'!D8")} -> 0 | H11: {=INDIRECT("'"&$A11&"'!E8")} -> 0 | I11: {=INDIRECT("'"&$A11&"'!F8")} -> 0 | J11: {=INDIRECT("'"&$A11&"'!G8")} -> 0 | K11: {=INDIRECT("'"&$A11&"'!H8")} -> 0 | L11: {=INDIRECT("'"&$A11&"'!I8")} -> 0 | M11: {=INDIRECT("'"&$A11&"'!J8")} -> 0 | N11: {=INDIRECT("'"&$A11&"'!K8")} -> 0 | O11: {=INDIRECT("'"&$A11&"'!L8")} -> 0 | P11: {=INDIRECT("'"&$A11&"'!M8")} -> 0 | Q11: {=INDIRECT("'"&$A11&"'!N8")} -> 0 | R11: {=INDIRECT("'"&$A11&"'!O8")} -> 0 | S11: {=INDIRECT("'"&$A11&"'!P8")} -> 0 | T11: {=INDIRECT("'"&$A11&"'!Q8")} -> 0 | U11: {=INDIRECT("'"&$A11&"'!R8")} -> 0 | V11: {=INDIRECT("'"&$A11&"'!S8")} -> 0 | W11: {=INDIRECT("'"&$A11&"'!T8")} -> 0 | X11: {=INDIRECT("'"&$A11&"'!U8")} -> 0 | Y11: {=INDIRECT("'"&$A11&"'!V8")} -> 0 | Z11: {=INDIRECT("'"&$A11&"'!W8")} -> 0 | AA11: {=INDIRECT("'"&$A11&"'!X8")} -> 0 | AB11: {=INDIRECT("'"&$A11&"'!Y8")} -> 0 | AC11: {=INDIRECT("'"&$A11&"'!Z8")} -> 0 | AD11: {=INDIRECT("'"&$A11&"'!AA8")} -> 0 | AE11: {=INDIRECT("'"&$A12&"'!J2")} -> 0 | AF11: {=INDIRECT("'"&$A12&"'!AD1")}
A12: 4 | C12: {=CONCATENATE("粮 ",INDIRECT("'"&$A12&"'!D4"))} -> 粮 11600 | D12: 2队 | E12: {=INDIRECT("'"&$A12&"'!I3")} -> 18 | F12: {=INDIRECT("'"&$A12&"'!C11")} -> 0 | G12: {=INDIRECT("'"&$A12&"'!D11")} -> 0 | H12: {=INDIRECT("'"&$A12&"'!E11")} -> 0 | I12: {=INDIRECT("'"&$A12&"'!F11")} -> 0 | J12: {=INDIRECT("'"&$A12&"'!G11")} -> 0 | K12: {=INDIRECT("'"&$A12&"'!H11")} -> 0 | L12: {=INDIRECT("'"&$A12&"'!I11")} -> 0 | M12: {=INDIRECT("'"&$A12&"'!J11")} -> 0 | N12: {=INDIRECT("'"&$A12&"'!K11")} -> 0 | O12: {=INDIRECT("'"&$A12&"'!L11")} -> 0 | P12: {=INDIRECT("'"&$A12&"'!M11")} -> 0 | Q12: {=INDIRECT("'"&$A12&"'!N11")} -> 0 | R12: {=INDIRECT("'"&$A12&"'!O11")} -> 0 | S12: {=INDIRECT("'"&$A12&"'!P11")} -> 0 | T12: {=INDIRECT("'"&$A12&"'!Q11")} -> 0 | U12: {=INDIRECT("'"&$A12&"'!R11")} -> 0 | V12: {=INDIRECT("'"&$A12&"'!S11")} -> 0 | W12: {=INDIRECT("'"&$A12&"'!T11")} -> 0 | X12: {=INDIRECT("'"&$A12&"'!U11")} -> 0 | Y12: {=INDIRECT("'"&$A12&"'!V11")} -> 0 | Z12: {=INDIRECT("'"&$A12&"'!W11")} -> 0 | AA12: {=INDIRECT("'"&$A12&"'!X11")} -> 0 | AB12: {=INDIRECT("'"&$A12&"'!Y11")} -> 0 | AC12: {=INDIRECT("'"&$A12&"'!Z11")} -> 0 | AD12: {=INDIRECT("'"&$A12&"'!AA11")} -> 0 | AE12: {=INDIRECT("'"&$A12&"'!J3")} -> 0 | AF12: {=INDIRECT("'"&$A12&"'!AC1")}
A13: 4 | C13: {=CONCATENATE("分 ",INDIRECT("'"&$A12&"'!D6"))} -> 分 0 | D13: 3队 | E13: {=INDIRECT("'"&$A12&"'!I4")} -> 18 | F13: {=INDIRECT("'"&$A13&"'!C14")} -> 0 | G13: {=INDIRECT("'"&$A13&"'!D14")} -> 0 | H13: {=INDIRECT("'"&$A13&"'!E14")} -> 0 | I13: {=INDIRECT("'"&$A13&"'!F14")} -> 0 | J13: {=INDIRECT("'"&$A13&"'!G14")} -> 0 | K13: {=INDIRECT("'"&$A13&"'!H14")} -> 0 | L13: {=INDIRECT("'"&$A13&"'!I14")} -> 0 | M13: {=INDIRECT("'"&$A13&"'!J14")} -> 0 | N13: {=INDIRECT("'"&$A13&"'!K14")} -> 0 | O13: {=INDIRECT("'"&$A13&"'!L14")} -> 0 | P13: {=INDIRECT("'"&$A13&"'!M14")} -> 0 | Q13: {=INDIRECT("'"&$A13&"'!N14")} -> 0 | R13: {=INDIRECT("'"&$A13&"'!O14")} -> 0 | S13: {=INDIRECT("'"&$A13&"'!P14")} -> 0 | T13: {=INDIRECT("'"&$A13&"'!Q14")} -> 0 | U13: {=INDIRECT("'"&$A13&"'!R14")} -> 0 | V13: {=INDIRECT("'"&$A13&"'!S14")} -> 0 | W13: {=INDIRECT("'"&$A13&"'!T14")} -> 0 | X13: {=INDIRECT("'"&$A13&"'!U14")} -> 0 | Y13: {=INDIRECT("'"&$A13&"'!V14")} -> 0 | Z13: {=INDIRECT("'"&$A13&"'!W14")} -> 0 | AA13: {=INDIRECT("'"&$A13&"'!X14")} -> 0 | AB13: {=INDIRECT("'"&$A13&"'!Y14")} -> 0 | AC13: {=INDIRECT("'"&$A13&"'!Z14")} -> 0 | AD13: {=INDIRECT("'"&$A13&"'!AA14")} -> 0 | AE13: {=INDIRECT("'"&$A12&"'!J4")} -> 0
A14: 5 | B14: =INDEX(data!$I$2:$I$91,MATCH(A14*1,data!$G$2:$G$91,0)) -> 46189 | C14: =HYPERLINK("#'" & A14 & "'!A1", "编辑") -> 编辑 | D14: 1队 | E14: {=INDIRECT("'"&$A15&"'!I2")} -> 18 | F14: {=INDIRECT("'"&$A14&"'!C8")} -> 0 | G14: {=INDIRECT("'"&$A14&"'!D8")} -> 0 | H14: {=INDIRECT("'"&$A14&"'!E8")} -> 0 | I14: {=INDIRECT("'"&$A14&"'!F8")} -> 0 | J14: {=INDIRECT("'"&$A14&"'!G8")} -> 0 | K14: {=INDIRECT("'"&$A14&"'!H8")} -> 0 | L14: {=INDIRECT("'"&$A14&"'!I8")} -> 0 | M14: {=INDIRECT("'"&$A14&"'!J8")} -> 0 | N14: {=INDIRECT("'"&$A14&"'!K8")} -> 0 | O14: {=INDIRECT("'"&$A14&"'!L8")} -> 0 | P14: {=INDIRECT("'"&$A14&"'!M8")} -> 0 | Q14: {=INDIRECT("'"&$A14&"'!N8")} -> 0 | R14: {=INDIRECT("'"&$A14&"'!O8")} -> 0 | S14: {=INDIRECT("'"&$A14&"'!P8")} -> 0 | T14: {=INDIRECT("'"&$A14&"'!Q8")} -> 0 | U14: {=INDIRECT("'"&$A14&"'!R8")} -> 0 | V14: {=INDIRECT("'"&$A14&"'!S8")} -> 0 | W14: {=INDIRECT("'"&$A14&"'!T8")} -> 0 | X14: {=INDIRECT("'"&$A14&"'!U8")} -> 0 | Y14: {=INDIRECT("'"&$A14&"'!V8")} -> 0 | Z14: {=INDIRECT("'"&$A14&"'!W8")} -> 0 | AA14: {=INDIRECT("'"&$A14&"'!X8")} -> 0 | AB14: {=INDIRECT("'"&$A14&"'!Y8")} -> 0 | AC14: {=INDIRECT("'"&$A14&"'!Z8")} -> 0 | AD14: {=INDIRECT("'"&$A14&"'!AA8")} -> 0 | AE14: {=INDIRECT("'"&$A15&"'!J2")} -> 0 | AF14: {=INDIRECT("'"&$A15&"'!AD1")}
A15: 5 | C15: {=CONCATENATE("粮 ",INDIRECT("'"&$A15&"'!D4"))} -> 粮 13200 | D15: 2队 | E15: {=INDIRECT("'"&$A15&"'!I3")} -> 18 | F15: {=INDIRECT("'"&$A15&"'!C11")} -> 0 | G15: {=INDIRECT("'"&$A15&"'!D11")} -> 0 | H15: {=INDIRECT("'"&$A15&"'!E11")} -> 0 | I15: {=INDIRECT("'"&$A15&"'!F11")} -> 0 | J15: {=INDIRECT("'"&$A15&"'!G11")} -> 0 | K15: {=INDIRECT("'"&$A15&"'!H11")} -> 0 | L15: {=INDIRECT("'"&$A15&"'!I11")} -> 0 | M15: {=INDIRECT("'"&$A15&"'!J11")} -> 0 | N15: {=INDIRECT("'"&$A15&"'!K11")} -> 0 | O15: {=INDIRECT("'"&$A15&"'!L11")} -> 0 | P15: {=INDIRECT("'"&$A15&"'!M11")} -> 0 | Q15: {=INDIRECT("'"&$A15&"'!N11")} -> 0 | R15: {=INDIRECT("'"&$A15&"'!O11")} -> 0 | S15: {=INDIRECT("'"&$A15&"'!P11")} -> 0 | T15: {=INDIRECT("'"&$A15&"'!Q11")} -> 0 | U15: {=INDIRECT("'"&$A15&"'!R11")} -> 0 | V15: {=INDIRECT("'"&$A15&"'!S11")} -> 0 | W15: {=INDIRECT("'"&$A15&"'!T11")} -> 0 | X15: {=INDIRECT("'"&$A15&"'!U11")} -> 0 | Y15: {=INDIRECT("'"&$A15&"'!V11")} -> 0 | Z15: {=INDIRECT("'"&$A15&"'!W11")} -> 0 | AA15: {=INDIRECT("'"&$A15&"'!X11")} -> 0 | AB15: {=INDIRECT("'"&$A15&"'!Y11")} -> 0 | AC15: {=INDIRECT("'"&$A15&"'!Z11")} -> 0 | AD15: {=INDIRECT("'"&$A15&"'!AA11")} -> 0 | AE15: {=INDIRECT("'"&$A15&"'!J3")} -> 0 | AF15: {=INDIRECT("'"&$A15&"'!AC1")}
A16: 5 | C16: {=CONCATENATE("分 ",INDIRECT("'"&$A15&"'!D6"))} -> 分 0 | D16: 3队 | E16: {=INDIRECT("'"&$A15&"'!I4")} -> 18 | F16: {=INDIRECT("'"&$A16&"'!C14")} -> 0 | G16: {=INDIRECT("'"&$A16&"'!D14")} -> 0 | H16: {=INDIRECT("'"&$A16&"'!E14")} -> 0 | I16: {=INDIRECT("'"&$A16&"'!F14")} -> 0 | J16: {=INDIRECT("'"&$A16&"'!G14")} -> 0 | K16: {=INDIRECT("'"&$A16&"'!H14")} -> 0 | L16: {=INDIRECT("'"&$A16&"'!I14")} -> 0 | M16: {=INDIRECT("'"&$A16&"'!J14")} -> 0 | N16: {=INDIRECT("'"&$A16&"'!K14")} -> 0 | O16: {=INDIRECT("'"&$A16&"'!L14")} -> 0 | P16: {=INDIRECT("'"&$A16&"'!M14")} -> 0 | Q16: {=INDIRECT("'"&$A16&"'!N14")} -> 0 | R16: {=INDIRECT("'"&$A16&"'!O14")} -> 0 | S16: {=INDIRECT("'"&$A16&"'!P14")} -> 0 | T16: {=INDIRECT("'"&$A16&"'!Q14")} -> 0 | U16: {=INDIRECT("'"&$A16&"'!R14")} -> 0 | V16: {=INDIRECT("'"&$A16&"'!S14")} -> 0 | W16: {=INDIRECT("'"&$A16&"'!T14")} -> 0 | X16: {=INDIRECT("'"&$A16&"'!U14")} -> 0 | Y16: {=INDIRECT("'"&$A16&"'!V14")} -> 0 | Z16: {=INDIRECT("'"&$A16&"'!W14")} -> 0 | AA16: {=INDIRECT("'"&$A16&"'!X14")} -> 0 | AB16: {=INDIRECT("'"&$A16&"'!Y14")} -> 0 | AC16: {=INDIRECT("'"&$A16&"'!Z14")} -> 0 | AD16: {=INDIRECT("'"&$A16&"'!AA14")} -> 0 | AE16: {=INDIRECT("'"&$A15&"'!J4")} -> 0
A17: 6 | B17: =INDEX(data!$I$2:$I$91,MATCH(A17*1,data!$G$2:$G$91,0)) -> 46190 | C17: =HYPERLINK("#'" & A17 & "'!A1", "编辑") -> 编辑 | D17: 1队 | E17: {=INDIRECT("'"&$A18&"'!I2")} -> 18 | F17: {=INDIRECT("'"&$A17&"'!C8")} -> 0 | G17: {=INDIRECT("'"&$A17&"'!D8")} -> 0 | H17: {=INDIRECT("'"&$A17&"'!E8")} -> 0 | I17: {=INDIRECT("'"&$A17&"'!F8")} -> 0 | J17: {=INDIRECT("'"&$A17&"'!G8")} -> 0 | K17: {=INDIRECT("'"&$A17&"'!H8")} -> 0 | L17: {=INDIRECT("'"&$A17&"'!I8")} -> 0 | M17: {=INDIRECT("'"&$A17&"'!J8")} -> 0 | N17: {=INDIRECT("'"&$A17&"'!K8")} -> 0 | O17: {=INDIRECT("'"&$A17&"'!L8")} -> 0 | P17: {=INDIRECT("'"&$A17&"'!M8")} -> 0 | Q17: {=INDIRECT("'"&$A17&"'!N8")} -> 0 | R17: {=INDIRECT("'"&$A17&"'!O8")} -> 0 | S17: {=INDIRECT("'"&$A17&"'!P8")} -> 0 | T17: {=INDIRECT("'"&$A17&"'!Q8")} -> 0 | U17: {=INDIRECT("'"&$A17&"'!R8")} -> 0 | V17: {=INDIRECT("'"&$A17&"'!S8")} -> 0 | W17: {=INDIRECT("'"&$A17&"'!T8")} -> 0 | X17: {=INDIRECT("'"&$A17&"'!U8")} -> 0 | Y17: {=INDIRECT("'"&$A17&"'!V8")} -> 0 | Z17: {=INDIRECT("'"&$A17&"'!W8")} -> 0 | AA17: {=INDIRECT("'"&$A17&"'!X8")} -> 0 | AB17: {=INDIRECT("'"&$A17&"'!Y8")} -> 0 | AC17: {=INDIRECT("'"&$A17&"'!Z8")} -> 0 | AD17: {=INDIRECT("'"&$A17&"'!AA8")} -> 0 | AE17: {=INDIRECT("'"&$A18&"'!J2")} -> 0 | AF17: {=INDIRECT("'"&$A18&"'!AD1")}
A18: 6 | C18: {=CONCATENATE("粮 ",INDIRECT("'"&$A18&"'!D4"))} -> 粮 14800 | D18: 2队 | E18: {=INDIRECT("'"&$A18&"'!I3")} -> 18 | F18: {=INDIRECT("'"&$A18&"'!C11")} -> 0 | G18: {=INDIRECT("'"&$A18&"'!D11")} -> 0 | H18: {=INDIRECT("'"&$A18&"'!E11")} -> 0 | I18: {=INDIRECT("'"&$A18&"'!F11")} -> 0 | J18: {=INDIRECT("'"&$A18&"'!G11")} -> 0 | K18: {=INDIRECT("'"&$A18&"'!H11")} -> 0 | L18: {=INDIRECT("'"&$A18&"'!I11")} -> 0 | M18: {=INDIRECT("'"&$A18&"'!J11")} -> 0 | N18: {=INDIRECT("'"&$A18&"'!K11")} -> 0 | O18: {=INDIRECT("'"&$A18&"'!L11")} -> 0 | P18: {=INDIRECT("'"&$A18&"'!M11")} -> 0 | Q18: {=INDIRECT("'"&$A18&"'!N11")} -> 0 | R18: {=INDIRECT("'"&$A18&"'!O11")} -> 0 | S18: {=INDIRECT("'"&$A18&"'!P11")} -> 0 | T18: {=INDIRECT("'"&$A18&"'!Q11")} -> 0 | U18: {=INDIRECT("'"&$A18&"'!R11")} -> 0 | V18: {=INDIRECT("'"&$A18&"'!S11")} -> 0 | W18: {=INDIRECT("'"&$A18&"'!T11")} -> 0 | X18: {=INDIRECT("'"&$A18&"'!U11")} -> 0 | Y18: {=INDIRECT("'"&$A18&"'!V11")} -> 0 | Z18: {=INDIRECT("'"&$A18&"'!W11")} -> 0 | AA18: {=INDIRECT("'"&$A18&"'!X11")} -> 0 | AB18: {=INDIRECT("'"&$A18&"'!Y11")} -> 0 | AC18: {=INDIRECT("'"&$A18&"'!Z11")} -> 0 | AD18: {=INDIRECT("'"&$A18&"'!AA11")} -> 0 | AE18: {=INDIRECT("'"&$A18&"'!J3")} -> 0 | AF18: {=INDIRECT("'"&$A18&"'!AC1")}
A19: 6 | C19: {=CONCATENATE("分 ",INDIRECT("'"&$A18&"'!D6"))} -> 分 0 | D19: 3队 | E19: {=INDIRECT("'"&$A18&"'!I4")} -> 18 | F19: {=INDIRECT("'"&$A19&"'!C14")} -> 0 | G19: {=INDIRECT("'"&$A19&"'!D14")} -> 0 | H19: {=INDIRECT("'"&$A19&"'!E14")} -> 0 | I19: {=INDIRECT("'"&$A19&"'!F14")} -> 0 | J19: {=INDIRECT("'"&$A19&"'!G14")} -> 0 | K19: {=INDIRECT("'"&$A19&"'!H14")} -> 0 | L19: {=INDIRECT("'"&$A19&"'!I14")} -> 0 | M19: {=INDIRECT("'"&$A19&"'!J14")} -> 0 | N19: {=INDIRECT("'"&$A19&"'!K14")} -> 0 | O19: {=INDIRECT("'"&$A19&"'!L14")} -> 0 | P19: {=INDIRECT("'"&$A19&"'!M14")} -> 0 | Q19: {=INDIRECT("'"&$A19&"'!N14")} -> 0 | R19: {=INDIRECT("'"&$A19&"'!O14")} -> 0 | S19: {=INDIRECT("'"&$A19&"'!P14")} -> 0 | T19: {=INDIRECT("'"&$A19&"'!Q14")} -> 0 | U19: {=INDIRECT("'"&$A19&"'!R14")} -> 0 | V19: {=INDIRECT("'"&$A19&"'!S14")} -> 0 | W19: {=INDIRECT("'"&$A19&"'!T14")} -> 0 | X19: {=INDIRECT("'"&$A19&"'!U14")} -> 0 | Y19: {=INDIRECT("'"&$A19&"'!V14")} -> 0 | Z19: {=INDIRECT("'"&$A19&"'!W14")} -> 0 | AA19: {=INDIRECT("'"&$A19&"'!X14")} -> 0 | AB19: {=INDIRECT("'"&$A19&"'!Y14")} -> 0 | AC19: {=INDIRECT("'"&$A19&"'!Z14")} -> 0 | AD19: {=INDIRECT("'"&$A19&"'!AA14")} -> 0 | AE19: {=INDIRECT("'"&$A18&"'!J4")} -> 0
A20: 7 | B20: =INDEX(data!$I$2:$I$91,MATCH(A20*1,data!$G$2:$G$91,0)) -> 46191 | C20: =HYPERLINK("#'" & A20 & "'!A1", "编辑") -> 编辑 | D20: 1队 | E20: {=INDIRECT("'"&$A21&"'!I2")} -> 18 | F20: {=INDIRECT("'"&$A20&"'!C8")} -> 0 | G20: {=INDIRECT("'"&$A20&"'!D8")} -> 0 | H20: {=INDIRECT("'"&$A20&"'!E8")} -> 0 | I20: {=INDIRECT("'"&$A20&"'!F8")} -> 0 | J20: {=INDIRECT("'"&$A20&"'!G8")} -> 0 | K20: {=INDIRECT("'"&$A20&"'!H8")} -> 0 | L20: {=INDIRECT("'"&$A20&"'!I8")} -> 0 | M20: {=INDIRECT("'"&$A20&"'!J8")} -> 0 | N20: {=INDIRECT("'"&$A20&"'!K8")} -> 0 | O20: {=INDIRECT("'"&$A20&"'!L8")} -> 0 | P20: {=INDIRECT("'"&$A20&"'!M8")} -> 0 | Q20: {=INDIRECT("'"&$A20&"'!N8")} -> 0 | R20: {=INDIRECT("'"&$A20&"'!O8")} -> 0 | S20: {=INDIRECT("'"&$A20&"'!P8")} -> 0 | T20: {=INDIRECT("'"&$A20&"'!Q8")} -> 0 | U20: {=INDIRECT("'"&$A20&"'!R8")} -> 0 | V20: {=INDIRECT("'"&$A20&"'!S8")} -> 0 | W20: {=INDIRECT("'"&$A20&"'!T8")} -> 0 | X20: {=INDIRECT("'"&$A20&"'!U8")} -> 0 | Y20: {=INDIRECT("'"&$A20&"'!V8")} -> 0 | Z20: {=INDIRECT("'"&$A20&"'!W8")} -> 0 | AA20: {=INDIRECT("'"&$A20&"'!X8")} -> 0 | AB20: {=INDIRECT("'"&$A20&"'!Y8")} -> 0 | AC20: {=INDIRECT("'"&$A20&"'!Z8")} -> 0 | AD20: {=INDIRECT("'"&$A20&"'!AA8")} -> 0 | AE20: {=INDIRECT("'"&$A21&"'!J2")} -> 0 | AF20: {=INDIRECT("'"&$A21&"'!AD1")}
A21: 7 | C21: {=CONCATENATE("粮 ",INDIRECT("'"&$A21&"'!D4"))} -> 粮 16400 | D21: 2队 | E21: {=INDIRECT("'"&$A21&"'!I3")} -> 18 | F21: {=INDIRECT("'"&$A21&"'!C11")} -> 0 | G21: {=INDIRECT("'"&$A21&"'!D11")} -> 0 | H21: {=INDIRECT("'"&$A21&"'!E11")} -> 0 | I21: {=INDIRECT("'"&$A21&"'!F11")} -> 0 | J21: {=INDIRECT("'"&$A21&"'!G11")} -> 0 | K21: {=INDIRECT("'"&$A21&"'!H11")} -> 0 | L21: {=INDIRECT("'"&$A21&"'!I11")} -> 0 | M21: {=INDIRECT("'"&$A21&"'!J11")} -> 0 | N21: {=INDIRECT("'"&$A21&"'!K11")} -> 0 | O21: {=INDIRECT("'"&$A21&"'!L11")} -> 0 | P21: {=INDIRECT("'"&$A21&"'!M11")} -> 0 | Q21: {=INDIRECT("'"&$A21&"'!N11")} -> 0 | R21: {=INDIRECT("'"&$A21&"'!O11")} -> 0 | S21: {=INDIRECT("'"&$A21&"'!P11")} -> 0 | T21: {=INDIRECT("'"&$A21&"'!Q11")} -> 0 | U21: {=INDIRECT("'"&$A21&"'!R11")} -> 0 | V21: {=INDIRECT("'"&$A21&"'!S11")} -> 0 | W21: {=INDIRECT("'"&$A21&"'!T11")} -> 0 | X21: {=INDIRECT("'"&$A21&"'!U11")} -> 0 | Y21: {=INDIRECT("'"&$A21&"'!V11")} -> 0 | Z21: {=INDIRECT("'"&$A21&"'!W11")} -> 0 | AA21: {=INDIRECT("'"&$A21&"'!X11")} -> 0 | AB21: {=INDIRECT("'"&$A21&"'!Y11")} -> 0 | AC21: {=INDIRECT("'"&$A21&"'!Z11")} -> 0 | AD21: {=INDIRECT("'"&$A21&"'!AA11")} -> 0 | AE21: {=INDIRECT("'"&$A21&"'!J3")} -> 0 | AF21: {=INDIRECT("'"&$A21&"'!AC1")}
A22: 7 | C22: {=CONCATENATE("分 ",INDIRECT("'"&$A21&"'!D6"))} -> 分 0 | D22: 3队 | E22: {=INDIRECT("'"&$A21&"'!I4")} -> 18 | F22: {=INDIRECT("'"&$A22&"'!C14")} -> 0 | G22: {=INDIRECT("'"&$A22&"'!D14")} -> 0 | H22: {=INDIRECT("'"&$A22&"'!E14")} -> 0 | I22: {=INDIRECT("'"&$A22&"'!F14")} -> 0 | J22: {=INDIRECT("'"&$A22&"'!G14")} -> 0 | K22: {=INDIRECT("'"&$A22&"'!H14")} -> 0 | L22: {=INDIRECT("'"&$A22&"'!I14")} -> 0 | M22: {=INDIRECT("'"&$A22&"'!J14")} -> 0 | N22: {=INDIRECT("'"&$A22&"'!K14")} -> 0 | O22: {=INDIRECT("'"&$A22&"'!L14")} -> 0 | P22: {=INDIRECT("'"&$A22&"'!M14")} -> 0 | Q22: {=INDIRECT("'"&$A22&"'!N14")} -> 0 | R22: {=INDIRECT("'"&$A22&"'!O14")} -> 0 | S22: {=INDIRECT("'"&$A22&"'!P14")} -> 0 | T22: {=INDIRECT("'"&$A22&"'!Q14")} -> 0 | U22: {=INDIRECT("'"&$A22&"'!R14")} -> 0 | V22: {=INDIRECT("'"&$A22&"'!S14")} -> 0 | W22: {=INDIRECT("'"&$A22&"'!T14")} -> 0 | X22: {=INDIRECT("'"&$A22&"'!U14")} -> 0 | Y22: {=INDIRECT("'"&$A22&"'!V14")} -> 0 | Z22: {=INDIRECT("'"&$A22&"'!W14")} -> 0 | AA22: {=INDIRECT("'"&$A22&"'!X14")} -> 0 | AB22: {=INDIRECT("'"&$A22&"'!Y14")} -> 0 | AC22: {=INDIRECT("'"&$A22&"'!Z14")} -> 0 | AD22: {=INDIRECT("'"&$A22&"'!AA14")} -> 0 | AE22: {=INDIRECT("'"&$A21&"'!J4")} -> 0
A23: 8 | B23: =INDEX(data!$I$2:$I$91,MATCH(A23*1,data!$G$2:$G$91,0)) -> 46192 | C23: =HYPERLINK("#'" & A23 & "'!A1", "编辑") -> 编辑 | D23: 1队 | E23: {=INDIRECT("'"&$A24&"'!I2")} -> 18 | F23: {=INDIRECT("'"&$A23&"'!C8")} -> 0 | G23: {=INDIRECT("'"&$A23&"'!D8")} -> 0 | H23: {=INDIRECT("'"&$A23&"'!E8")} -> 0 | I23: {=INDIRECT("'"&$A23&"'!F8")} -> 0 | J23: {=INDIRECT("'"&$A23&"'!G8")} -> 0 | K23: {=INDIRECT("'"&$A23&"'!H8")} -> 0 | L23: {=INDIRECT("'"&$A23&"'!I8")} -> 0 | M23: {=INDIRECT("'"&$A23&"'!J8")} -> 0 | N23: {=INDIRECT("'"&$A23&"'!K8")} -> 0 | O23: {=INDIRECT("'"&$A23&"'!L8")} -> 0 | P23: {=INDIRECT("'"&$A23&"'!M8")} -> 0 | Q23: {=INDIRECT("'"&$A23&"'!N8")} -> 0 | R23: {=INDIRECT("'"&$A23&"'!O8")} -> 0 | S23: {=INDIRECT("'"&$A23&"'!P8")} -> 0 | T23: {=INDIRECT("'"&$A23&"'!Q8")} -> 0 | U23: {=INDIRECT("'"&$A23&"'!R8")} -> 0 | V23: {=INDIRECT("'"&$A23&"'!S8")} -> 0 | W23: {=INDIRECT("'"&$A23&"'!T8")} -> 0 | X23: {=INDIRECT("'"&$A23&"'!U8")} -> 0 | Y23: {=INDIRECT("'"&$A23&"'!V8")} -> 0 | Z23: {=INDIRECT("'"&$A23&"'!W8")} -> 0 | AA23: {=INDIRECT("'"&$A23&"'!X8")} -> 0 | AB23: {=INDIRECT("'"&$A23&"'!Y8")} -> 0 | AC23: {=INDIRECT("'"&$A23&"'!Z8")} -> 0 | AD23: {=INDIRECT("'"&$A23&"'!AA8")} -> 0 | AE23: {=INDIRECT("'"&$A24&"'!J2")} -> 0 | AF23: {=INDIRECT("'"&$A24&"'!AD1")}
A24: 8 | C24: {=CONCATENATE("粮 ",INDIRECT("'"&$A24&"'!D4"))} -> 粮 18000 | D24: 2队 | E24: {=INDIRECT("'"&$A24&"'!I3")} -> 18 | F24: {=INDIRECT("'"&$A24&"'!C11")} -> 0 | G24: {=INDIRECT("'"&$A24&"'!D11")} -> 0 | H24: {=INDIRECT("'"&$A24&"'!E11")} -> 0 | I24: {=INDIRECT("'"&$A24&"'!F11")} -> 0 | J24: {=INDIRECT("'"&$A24&"'!G11")} -> 0 | K24: {=INDIRECT("'"&$A24&"'!H11")} -> 0 | L24: {=INDIRECT("'"&$A24&"'!I11")} -> 0 | M24: {=INDIRECT("'"&$A24&"'!J11")} -> 0 | N24: {=INDIRECT("'"&$A24&"'!K11")} -> 0 | O24: {=INDIRECT("'"&$A24&"'!L11")} -> 0 | P24: {=INDIRECT("'"&$A24&"'!M11")} -> 0 | Q24: {=INDIRECT("'"&$A24&"'!N11")} -> 0 | R24: {=INDIRECT("'"&$A24&"'!O11")} -> 0 | S24: {=INDIRECT("'"&$A24&"'!P11")} -> 0 | T24: {=INDIRECT("'"&$A24&"'!Q11")} -> 0 | U24: {=INDIRECT("'"&$A24&"'!R11")} -> 0 | V24: {=INDIRECT("'"&$A24&"'!S11")} -> 0 | W24: {=INDIRECT("'"&$A24&"'!T11")} -> 0 | X24: {=INDIRECT("'"&$A24&"'!U11")} -> 0 | Y24: {=INDIRECT("'"&$A24&"'!V11")} -> 0 | Z24: {=INDIRECT("'"&$A24&"'!W11")} -> 0 | AA24: {=INDIRECT("'"&$A24&"'!X11")} -> 0 | AB24: {=INDIRECT("'"&$A24&"'!Y11")} -> 0 | AC24: {=INDIRECT("'"&$A24&"'!Z11")} -> 0 | AD24: {=INDIRECT("'"&$A24&"'!AA11")} -> 0 | AE24: {=INDIRECT("'"&$A24&"'!J3")} -> 0 | AF24: {=INDIRECT("'"&$A24&"'!AC1")}
A25: 8 | C25: {=CONCATENATE("分 ",INDIRECT("'"&$A24&"'!D6"))} -> 分 0 | D25: 3队 | E25: {=INDIRECT("'"&$A24&"'!I4")} -> 18 | F25: {=INDIRECT("'"&$A25&"'!C14")} -> 0 | G25: {=INDIRECT("'"&$A25&"'!D14")} -> 0 | H25: {=INDIRECT("'"&$A25&"'!E14")} -> 0 | I25: {=INDIRECT("'"&$A25&"'!F14")} -> 0 | J25: {=INDIRECT("'"&$A25&"'!G14")} -> 0 | K25: {=INDIRECT("'"&$A25&"'!H14")} -> 0 | L25: {=INDIRECT("'"&$A25&"'!I14")} -> 0 | M25: {=INDIRECT("'"&$A25&"'!J14")} -> 0 | N25: {=INDIRECT("'"&$A25&"'!K14")} -> 0 | O25: {=INDIRECT("'"&$A25&"'!L14")} -> 0 | P25: {=INDIRECT("'"&$A25&"'!M14")} -> 0 | Q25: {=INDIRECT("'"&$A25&"'!N14")} -> 0 | R25: {=INDIRECT("'"&$A25&"'!O14")} -> 0 | S25: {=INDIRECT("'"&$A25&"'!P14")} -> 0 | T25: {=INDIRECT("'"&$A25&"'!Q14")} -> 0 | U25: {=INDIRECT("'"&$A25&"'!R14")} -> 0 | V25: {=INDIRECT("'"&$A25&"'!S14")} -> 0 | W25: {=INDIRECT("'"&$A25&"'!T14")} -> 0 | X25: {=INDIRECT("'"&$A25&"'!U14")} -> 0 | Y25: {=INDIRECT("'"&$A25&"'!V14")} -> 0 | Z25: {=INDIRECT("'"&$A25&"'!W14")} -> 0 | AA25: {=INDIRECT("'"&$A25&"'!X14")} -> 0 | AB25: {=INDIRECT("'"&$A25&"'!Y14")} -> 0 | AC25: {=INDIRECT("'"&$A25&"'!Z14")} -> 0 | AD25: {=INDIRECT("'"&$A25&"'!AA14")} -> 0 | AE25: {=INDIRECT("'"&$A24&"'!J4")} -> 0
A26: 9 | B26: =INDEX(data!$I$2:$I$91,MATCH(A26*1,data!$G$2:$G$91,0)) -> 46193 | C26: =HYPERLINK("#'" & A26 & "'!A1", "编辑") -> 编辑 | D26: 1队 | E26: {=INDIRECT("'"&$A27&"'!I2")} -> 18 | F26: {=INDIRECT("'"&$A26&"'!C8")} -> 0 | G26: {=INDIRECT("'"&$A26&"'!D8")} -> 0 | H26: {=INDIRECT("'"&$A26&"'!E8")} -> 0 | I26: {=INDIRECT("'"&$A26&"'!F8")} -> 0 | J26: {=INDIRECT("'"&$A26&"'!G8")} -> 0 | K26: {=INDIRECT("'"&$A26&"'!H8")} -> 0 | L26: {=INDIRECT("'"&$A26&"'!I8")} -> 0 | M26: {=INDIRECT("'"&$A26&"'!J8")} -> 0 | N26: {=INDIRECT("'"&$A26&"'!K8")} -> 0 | O26: {=INDIRECT("'"&$A26&"'!L8")} -> 0 | P26: {=INDIRECT("'"&$A26&"'!M8")} -> 0 | Q26: {=INDIRECT("'"&$A26&"'!N8")} -> 0 | R26: {=INDIRECT("'"&$A26&"'!O8")} -> 0 | S26: {=INDIRECT("'"&$A26&"'!P8")} -> 0 | T26: {=INDIRECT("'"&$A26&"'!Q8")} -> 0 | U26: {=INDIRECT("'"&$A26&"'!R8")} -> 0 | V26: {=INDIRECT("'"&$A26&"'!S8")} -> 0 | W26: {=INDIRECT("'"&$A26&"'!T8")} -> 0 | X26: {=INDIRECT("'"&$A26&"'!U8")} -> 0 | Y26: {=INDIRECT("'"&$A26&"'!V8")} -> 0 | Z26: {=INDIRECT("'"&$A26&"'!W8")} -> 0 | AA26: {=INDIRECT("'"&$A26&"'!X8")} -> 0 | AB26: {=INDIRECT("'"&$A26&"'!Y8")} -> 0 | AC26: {=INDIRECT("'"&$A26&"'!Z8")} -> 0 | AD26: {=INDIRECT("'"&$A26&"'!AA8")} -> 0 | AE26: {=INDIRECT("'"&$A27&"'!J2")} -> 0 | AF26: {=INDIRECT("'"&$A27&"'!AD1")}
A27: 9 | C27: {=CONCATENATE("粮 ",INDIRECT("'"&$A27&"'!D4"))} -> 粮 19600 | D27: 2队 | E27: {=INDIRECT("'"&$A27&"'!I3")} -> 18 | F27: {=INDIRECT("'"&$A27&"'!C11")} -> 0 | G27: {=INDIRECT("'"&$A27&"'!D11")} -> 0 | H27: {=INDIRECT("'"&$A27&"'!E11")} -> 0 | I27: {=INDIRECT("'"&$A27&"'!F11")} -> 0 | J27: {=INDIRECT("'"&$A27&"'!G11")} -> 0 | K27: {=INDIRECT("'"&$A27&"'!H11")} -> 0 | L27: {=INDIRECT("'"&$A27&"'!I11")} -> 0 | M27: {=INDIRECT("'"&$A27&"'!J11")} -> 0 | N27: {=INDIRECT("'"&$A27&"'!K11")} -> 0 | O27: {=INDIRECT("'"&$A27&"'!L11")} -> 0 | P27: {=INDIRECT("'"&$A27&"'!M11")} -> 0 | Q27: {=INDIRECT("'"&$A27&"'!N11")} -> 0 | R27: {=INDIRECT("'"&$A27&"'!O11")} -> 0 | S27: {=INDIRECT("'"&$A27&"'!P11")} -> 0 | T27: {=INDIRECT("'"&$A27&"'!Q11")} -> 0 | U27: {=INDIRECT("'"&$A27&"'!R11")} -> 0 | V27: {=INDIRECT("'"&$A27&"'!S11")} -> 0 | W27: {=INDIRECT("'"&$A27&"'!T11")} -> 0 | X27: {=INDIRECT("'"&$A27&"'!U11")} -> 0 | Y27: {=INDIRECT("'"&$A27&"'!V11")} -> 0 | Z27: {=INDIRECT("'"&$A27&"'!W11")} -> 0 | AA27: {=INDIRECT("'"&$A27&"'!X11")} -> 0 | AB27: {=INDIRECT("'"&$A27&"'!Y11")} -> 0 | AC27: {=INDIRECT("'"&$A27&"'!Z11")} -> 0 | AD27: {=INDIRECT("'"&$A27&"'!AA11")} -> 0 | AE27: {=INDIRECT("'"&$A27&"'!J3")} -> 0 | AF27: {=INDIRECT("'"&$A27&"'!AC1")}
A28: 9 | C28: {=CONCATENATE("分 ",INDIRECT("'"&$A27&"'!D6"))} -> 分 0 | D28: 3队 | E28: {=INDIRECT("'"&$A27&"'!I4")} -> 18 | F28: {=INDIRECT("'"&$A28&"'!C14")} -> 0 | G28: {=INDIRECT("'"&$A28&"'!D14")} -> 0 | H28: {=INDIRECT("'"&$A28&"'!E14")} -> 0 | I28: {=INDIRECT("'"&$A28&"'!F14")} -> 0 | J28: {=INDIRECT("'"&$A28&"'!G14")} -> 0 | K28: {=INDIRECT("'"&$A28&"'!H14")} -> 0 | L28: {=INDIRECT("'"&$A28&"'!I14")} -> 0 | M28: {=INDIRECT("'"&$A28&"'!J14")} -> 0 | N28: {=INDIRECT("'"&$A28&"'!K14")} -> 0 | O28: {=INDIRECT("'"&$A28&"'!L14")} -> 0 | P28: {=INDIRECT("'"&$A28&"'!M14")} -> 0 | Q28: {=INDIRECT("'"&$A28&"'!N14")} -> 0 | R28: {=INDIRECT("'"&$A28&"'!O14")} -> 0 | S28: {=INDIRECT("'"&$A28&"'!P14")} -> 0 | T28: {=INDIRECT("'"&$A28&"'!Q14")} -> 0 | U28: {=INDIRECT("'"&$A28&"'!R14")} -> 0 | V28: {=INDIRECT("'"&$A28&"'!S14")} -> 0 | W28: {=INDIRECT("'"&$A28&"'!T14")} -> 0 | X28: {=INDIRECT("'"&$A28&"'!U14")} -> 0 | Y28: {=INDIRECT("'"&$A28&"'!V14")} -> 0 | Z28: {=INDIRECT("'"&$A28&"'!W14")} -> 0 | AA28: {=INDIRECT("'"&$A28&"'!X14")} -> 0 | AB28: {=INDIRECT("'"&$A28&"'!Y14")} -> 0 | AC28: {=INDIRECT("'"&$A28&"'!Z14")} -> 0 | AD28: {=INDIRECT("'"&$A28&"'!AA14")} -> 0 | AE28: {=INDIRECT("'"&$A27&"'!J4")} -> 0
A29: 10 | B29: =INDEX(data!$I$2:$I$91,MATCH(A29*1,data!$G$2:$G$91,0)) -> 46194 | C29: =HYPERLINK("#'" & A29 & "'!A1", "编辑") -> 编辑 | D29: 1队 | E29: {=INDIRECT("'"&$A30&"'!I2")} -> 18 | F29: {=INDIRECT("'"&$A29&"'!C8")} -> 0 | G29: {=INDIRECT("'"&$A29&"'!D8")} -> 0 | H29: {=INDIRECT("'"&$A29&"'!E8")} -> 0 | I29: {=INDIRECT("'"&$A29&"'!F8")} -> 0 | J29: {=INDIRECT("'"&$A29&"'!G8")} -> 0 | K29: {=INDIRECT("'"&$A29&"'!H8")} -> 0 | L29: {=INDIRECT("'"&$A29&"'!I8")} -> 0 | M29: {=INDIRECT("'"&$A29&"'!J8")} -> 0 | N29: {=INDIRECT("'"&$A29&"'!K8")} -> 0 | O29: {=INDIRECT("'"&$A29&"'!L8")} -> 0 | P29: {=INDIRECT("'"&$A29&"'!M8")} -> 0 | Q29: {=INDIRECT("'"&$A29&"'!N8")} -> 0 | R29: {=INDIRECT("'"&$A29&"'!O8")} -> 0 | S29: {=INDIRECT("'"&$A29&"'!P8")} -> 0 | T29: {=INDIRECT("'"&$A29&"'!Q8")} -> 0 | U29: {=INDIRECT("'"&$A29&"'!R8")} -> 0 | V29: {=INDIRECT("'"&$A29&"'!S8")} -> 0 | W29: {=INDIRECT("'"&$A29&"'!T8")} -> 0 | X29: {=INDIRECT("'"&$A29&"'!U8")} -> 0 | Y29: {=INDIRECT("'"&$A29&"'!V8")} -> 0 | Z29: {=INDIRECT("'"&$A29&"'!W8")} -> 0 | AA29: {=INDIRECT("'"&$A29&"'!X8")} -> 0 | AB29: {=INDIRECT("'"&$A29&"'!Y8")} -> 0 | AC29: {=INDIRECT("'"&$A29&"'!Z8")} -> 0 | AD29: {=INDIRECT("'"&$A29&"'!AA8")} -> 0 | AE29: {=INDIRECT("'"&$A30&"'!J2")} -> 0 | AF29: {=INDIRECT("'"&$A30&"'!AD1")}
A30: 10 | C30: {=CONCATENATE("粮 ",INDIRECT("'"&$A30&"'!D4"))} -> 粮 21200 | D30: 2队 | E30: {=INDIRECT("'"&$A30&"'!I3")} -> 18 | F30: {=INDIRECT("'"&$A30&"'!C11")} -> 0 | G30: {=INDIRECT("'"&$A30&"'!D11")} -> 0 | H30: {=INDIRECT("'"&$A30&"'!E11")} -> 0 | I30: {=INDIRECT("'"&$A30&"'!F11")} -> 0 | J30: {=INDIRECT("'"&$A30&"'!G11")} -> 0 | K30: {=INDIRECT("'"&$A30&"'!H11")} -> 0 | L30: {=INDIRECT("'"&$A30&"'!I11")} -> 0 | M30: {=INDIRECT("'"&$A30&"'!J11")} -> 0 | N30: {=INDIRECT("'"&$A30&"'!K11")} -> 0 | O30: {=INDIRECT("'"&$A30&"'!L11")} -> 0 | P30: {=INDIRECT("'"&$A30&"'!M11")} -> 0 | Q30: {=INDIRECT("'"&$A30&"'!N11")} -> 0 | R30: {=INDIRECT("'"&$A30&"'!O11")} -> 0 | S30: {=INDIRECT("'"&$A30&"'!P11")} -> 0 | T30: {=INDIRECT("'"&$A30&"'!Q11")} -> 0 | U30: {=INDIRECT("'"&$A30&"'!R11")} -> 0 | V30: {=INDIRECT("'"&$A30&"'!S11")} -> 0 | W30: {=INDIRECT("'"&$A30&"'!T11")} -> 0 | X30: {=INDIRECT("'"&$A30&"'!U11")} -> 0 | Y30: {=INDIRECT("'"&$A30&"'!V11")} -> 0 | Z30: {=INDIRECT("'"&$A30&"'!W11")} -> 0 | AA30: {=INDIRECT("'"&$A30&"'!X11")} -> 0 | AB30: {=INDIRECT("'"&$A30&"'!Y11")} -> 0 | AC30: {=INDIRECT("'"&$A30&"'!Z11")} -> 0 | AD30: {=INDIRECT("'"&$A30&"'!AA11")} -> 0 | AE30: {=INDIRECT("'"&$A30&"'!J3")} -> 0 | AF30: {=INDIRECT("'"&$A30&"'!AC1")}
A31: 10 | C31: {=CONCATENATE("分 ",INDIRECT("'"&$A30&"'!D6"))} -> 分 0 | D31: 3队 | E31: {=INDIRECT("'"&$A30&"'!I4")} -> 18 | F31: {=INDIRECT("'"&$A31&"'!C14")} -> 0 | G31: {=INDIRECT("'"&$A31&"'!D14")} -> 0 | H31: {=INDIRECT("'"&$A31&"'!E14")} -> 0 | I31: {=INDIRECT("'"&$A31&"'!F14")} -> 0 | J31: {=INDIRECT("'"&$A31&"'!G14")} -> 0 | K31: {=INDIRECT("'"&$A31&"'!H14")} -> 0 | L31: {=INDIRECT("'"&$A31&"'!I14")} -> 0 | M31: {=INDIRECT("'"&$A31&"'!J14")} -> 0 | N31: {=INDIRECT("'"&$A31&"'!K14")} -> 0 | O31: {=INDIRECT("'"&$A31&"'!L14")} -> 0 | P31: {=INDIRECT("'"&$A31&"'!M14")} -> 0 | Q31: {=INDIRECT("'"&$A31&"'!N14")} -> 0 | R31: {=INDIRECT("'"&$A31&"'!O14")} -> 0 | S31: {=INDIRECT("'"&$A31&"'!P14")} -> 0 | T31: {=INDIRECT("'"&$A31&"'!Q14")} -> 0 | U31: {=INDIRECT("'"&$A31&"'!R14")} -> 0 | V31: {=INDIRECT("'"&$A31&"'!S14")} -> 0 | W31: {=INDIRECT("'"&$A31&"'!T14")} -> 0 | X31: {=INDIRECT("'"&$A31&"'!U14")} -> 0 | Y31: {=INDIRECT("'"&$A31&"'!V14")} -> 0 | Z31: {=INDIRECT("'"&$A31&"'!W14")} -> 0 | AA31: {=INDIRECT("'"&$A31&"'!X14")} -> 0 | AB31: {=INDIRECT("'"&$A31&"'!Y14")} -> 0 | AC31: {=INDIRECT("'"&$A31&"'!Z14")} -> 0 | AD31: {=INDIRECT("'"&$A31&"'!AA14")} -> 0 | AE31: {=INDIRECT("'"&$A30&"'!J4")} -> 0
A32: 11 | B32: =INDEX(data!$I$2:$I$91,MATCH(A32*1,data!$G$2:$G$91,0)) -> 46195 | C32: =HYPERLINK("#'" & A32 & "'!A1", "编辑") -> 编辑 | D32: 1队 | E32: {=INDIRECT("'"&$A33&"'!I2")} -> 18 | F32: {=INDIRECT("'"&$A32&"'!C8")} -> 0 | G32: {=INDIRECT("'"&$A32&"'!D8")} -> 0 | H32: {=INDIRECT("'"&$A32&"'!E8")} -> 0 | I32: {=INDIRECT("'"&$A32&"'!F8")} -> 0 | J32: {=INDIRECT("'"&$A32&"'!G8")} -> 0 | K32: {=INDIRECT("'"&$A32&"'!H8")} -> 0 | L32: {=INDIRECT("'"&$A32&"'!I8")} -> 0 | M32: {=INDIRECT("'"&$A32&"'!J8")} -> 0 | N32: {=INDIRECT("'"&$A32&"'!K8")} -> 0 | O32: {=INDIRECT("'"&$A32&"'!L8")} -> 0 | P32: {=INDIRECT("'"&$A32&"'!M8")} -> 0 | Q32: {=INDIRECT("'"&$A32&"'!N8")} -> 0 | R32: {=INDIRECT("'"&$A32&"'!O8")} -> 0 | S32: {=INDIRECT("'"&$A32&"'!P8")} -> 0 | T32: {=INDIRECT("'"&$A32&"'!Q8")} -> 0 | U32: {=INDIRECT("'"&$A32&"'!R8")} -> 0 | V32: {=INDIRECT("'"&$A32&"'!S8")} -> 0 | W32: {=INDIRECT("'"&$A32&"'!T8")} -> 0 | X32: {=INDIRECT("'"&$A32&"'!U8")} -> 0 | Y32: {=INDIRECT("'"&$A32&"'!V8")} -> 0 | Z32: {=INDIRECT("'"&$A32&"'!W8")} -> 0 | AA32: {=INDIRECT("'"&$A32&"'!X8")} -> 0 | AB32: {=INDIRECT("'"&$A32&"'!Y8")} -> 0 | AC32: {=INDIRECT("'"&$A32&"'!Z8")} -> 0 | AD32: {=INDIRECT("'"&$A32&"'!AA8")} -> 0 | AE32: {=INDIRECT("'"&$A33&"'!J2")} -> 0 | AF32: {=INDIRECT("'"&$A33&"'!AD1")}
A33: 11 | C33: {=CONCATENATE("粮 ",INDIRECT("'"&$A33&"'!D4"))} -> 粮 22800 | D33: 2队 | E33: {=INDIRECT("'"&$A33&"'!I3")} -> 18 | F33: {=INDIRECT("'"&$A33&"'!C11")} -> 0 | G33: {=INDIRECT("'"&$A33&"'!D11")} -> 0 | H33: {=INDIRECT("'"&$A33&"'!E11")} -> 0 | I33: {=INDIRECT("'"&$A33&"'!F11")} -> 0 | J33: {=INDIRECT("'"&$A33&"'!G11")} -> 0 | K33: {=INDIRECT("'"&$A33&"'!H11")} -> 0 | L33: {=INDIRECT("'"&$A33&"'!I11")} -> 0 | M33: {=INDIRECT("'"&$A33&"'!J11")} -> 0 | N33: {=INDIRECT("'"&$A33&"'!K11")} -> 0 | O33: {=INDIRECT("'"&$A33&"'!L11")} -> 0 | P33: {=INDIRECT("'"&$A33&"'!M11")} -> 0 | Q33: {=INDIRECT("'"&$A33&"'!N11")} -> 0 | R33: {=INDIRECT("'"&$A33&"'!O11")} -> 0 | S33: {=INDIRECT("'"&$A33&"'!P11")} -> 0 | T33: {=INDIRECT("'"&$A33&"'!Q11")} -> 0 | U33: {=INDIRECT("'"&$A33&"'!R11")} -> 0 | V33: {=INDIRECT("'"&$A33&"'!S11")} -> 0 | W33: {=INDIRECT("'"&$A33&"'!T11")} -> 0 | X33: {=INDIRECT("'"&$A33&"'!U11")} -> 0 | Y33: {=INDIRECT("'"&$A33&"'!V11")} -> 0 | Z33: {=INDIRECT("'"&$A33&"'!W11")} -> 0 | AA33: {=INDIRECT("'"&$A33&"'!X11")} -> 0 | AB33: {=INDIRECT("'"&$A33&"'!Y11")} -> 0 | AC33: {=INDIRECT("'"&$A33&"'!Z11")} -> 0 | AD33: {=INDIRECT("'"&$A33&"'!AA11")} -> 0 | AE33: {=INDIRECT("'"&$A33&"'!J3")} -> 0 | AF33: {=INDIRECT("'"&$A33&"'!AC1")}
A34: 11 | C34: {=CONCATENATE("分 ",INDIRECT("'"&$A33&"'!D6"))} -> 分 0 | D34: 3队 | E34: {=INDIRECT("'"&$A33&"'!I4")} -> 18 | F34: {=INDIRECT("'"&$A34&"'!C14")} -> 0 | G34: {=INDIRECT("'"&$A34&"'!D14")} -> 0 | H34: {=INDIRECT("'"&$A34&"'!E14")} -> 0 | I34: {=INDIRECT("'"&$A34&"'!F14")} -> 0 | J34: {=INDIRECT("'"&$A34&"'!G14")} -> 0 | K34: {=INDIRECT("'"&$A34&"'!H14")} -> 0 | L34: {=INDIRECT("'"&$A34&"'!I14")} -> 0 | M34: {=INDIRECT("'"&$A34&"'!J14")} -> 0 | N34: {=INDIRECT("'"&$A34&"'!K14")} -> 0 | O34: {=INDIRECT("'"&$A34&"'!L14")} -> 0 | P34: {=INDIRECT("'"&$A34&"'!M14")} -> 0 | Q34: {=INDIRECT("'"&$A34&"'!N14")} -> 0 | R34: {=INDIRECT("'"&$A34&"'!O14")} -> 0 | S34: {=INDIRECT("'"&$A34&"'!P14")} -> 0 | T34: {=INDIRECT("'"&$A34&"'!Q14")} -> 0 | U34: {=INDIRECT("'"&$A34&"'!R14")} -> 0 | V34: {=INDIRECT("'"&$A34&"'!S14")} -> 0 | W34: {=INDIRECT("'"&$A34&"'!T14")} -> 0 | X34: {=INDIRECT("'"&$A34&"'!U14")} -> 0 | Y34: {=INDIRECT("'"&$A34&"'!V14")} -> 0 | Z34: {=INDIRECT("'"&$A34&"'!W14")} -> 0 | AA34: {=INDIRECT("'"&$A34&"'!X14")} -> 0 | AB34: {=INDIRECT("'"&$A34&"'!Y14")} -> 0 | AC34: {=INDIRECT("'"&$A34&"'!Z14")} -> 0 | AD34: {=INDIRECT("'"&$A34&"'!AA14")} -> 0 | AE34: {=INDIRECT("'"&$A33&"'!J4")} -> 0
A35: 12 | B35: =INDEX(data!$I$2:$I$91,MATCH(A35*1,data!$G$2:$G$91,0)) -> 46196 | C35: =HYPERLINK("#'" & A35 & "'!A1", "编辑") -> 编辑 | D35: 1队 | E35: {=INDIRECT("'"&$A36&"'!I2")} -> 18 | F35: {=INDIRECT("'"&$A35&"'!C8")} -> 0 | G35: {=INDIRECT("'"&$A35&"'!D8")} -> 0 | H35: {=INDIRECT("'"&$A35&"'!E8")} -> 0 | I35: {=INDIRECT("'"&$A35&"'!F8")} -> 0 | J35: {=INDIRECT("'"&$A35&"'!G8")} -> 0 | K35: {=INDIRECT("'"&$A35&"'!H8")} -> 0 | L35: {=INDIRECT("'"&$A35&"'!I8")} -> 0 | M35: {=INDIRECT("'"&$A35&"'!J8")} -> 0 | N35: {=INDIRECT("'"&$A35&"'!K8")} -> 0 | O35: {=INDIRECT("'"&$A35&"'!L8")} -> 0 | P35: {=INDIRECT("'"&$A35&"'!M8")} -> 0 | Q35: {=INDIRECT("'"&$A35&"'!N8")} -> 0 | R35: {=INDIRECT("'"&$A35&"'!O8")} -> 0 | S35: {=INDIRECT("'"&$A35&"'!P8")} -> 0 | T35: {=INDIRECT("'"&$A35&"'!Q8")} -> 0 | U35: {=INDIRECT("'"&$A35&"'!R8")} -> 0 | V35: {=INDIRECT("'"&$A35&"'!S8")} -> 0 | W35: {=INDIRECT("'"&$A35&"'!T8")} -> 0 | X35: {=INDIRECT("'"&$A35&"'!U8")} -> 0 | Y35: {=INDIRECT("'"&$A35&"'!V8")} -> 0 | Z35: {=INDIRECT("'"&$A35&"'!W8")} -> 0 | AA35: {=INDIRECT("'"&$A35&"'!X8")} -> 0 | AB35: {=INDIRECT("'"&$A35&"'!Y8")} -> 0 | AC35: {=INDIRECT("'"&$A35&"'!Z8")} -> 0 | AD35: {=INDIRECT("'"&$A35&"'!AA8")} -> 0 | AE35: {=INDIRECT("'"&$A36&"'!J2")} -> 0 | AF35: {=INDIRECT("'"&$A36&"'!AD1")}
A36: 12 | C36: {=CONCATENATE("粮 ",INDIRECT("'"&$A36&"'!D4"))} -> 粮 24400 | D36: 2队 | E36: {=INDIRECT("'"&$A36&"'!I3")} -> 18 | F36: {=INDIRECT("'"&$A36&"'!C11")} -> 0 | G36: {=INDIRECT("'"&$A36&"'!D11")} -> 0 | H36: {=INDIRECT("'"&$A36&"'!E11")} -> 0 | I36: {=INDIRECT("'"&$A36&"'!F11")} -> 0 | J36: {=INDIRECT("'"&$A36&"'!G11")} -> 0 | K36: {=INDIRECT("'"&$A36&"'!H11")} -> 0 | L36: {=INDIRECT("'"&$A36&"'!I11")} -> 0 | M36: {=INDIRECT("'"&$A36&"'!J11")} -> 0 | N36: {=INDIRECT("'"&$A36&"'!K11")} -> 0 | O36: {=INDIRECT("'"&$A36&"'!L11")} -> 0 | P36: {=INDIRECT("'"&$A36&"'!M11")} -> 0 | Q36: {=INDIRECT("'"&$A36&"'!N11")} -> 0 | R36: {=INDIRECT("'"&$A36&"'!O11")} -> 0 | S36: {=INDIRECT("'"&$A36&"'!P11")} -> 0 | T36: {=INDIRECT("'"&$A36&"'!Q11")} -> 0 | U36: {=INDIRECT("'"&$A36&"'!R11")} -> 0 | V36: {=INDIRECT("'"&$A36&"'!S11")} -> 0 | W36: {=INDIRECT("'"&$A36&"'!T11")} -> 0 | X36: {=INDIRECT("'"&$A36&"'!U11")} -> 0 | Y36: {=INDIRECT("'"&$A36&"'!V11")} -> 0 | Z36: {=INDIRECT("'"&$A36&"'!W11")} -> 0 | AA36: {=INDIRECT("'"&$A36&"'!X11")} -> 0 | AB36: {=INDIRECT("'"&$A36&"'!Y11")} -> 0 | AC36: {=INDIRECT("'"&$A36&"'!Z11")} -> 0 | AD36: {=INDIRECT("'"&$A36&"'!AA11")} -> 0 | AE36: {=INDIRECT("'"&$A36&"'!J3")} -> 0 | AF36: {=INDIRECT("'"&$A36&"'!AC1")}
A37: 12 | C37: {=CONCATENATE("分 ",INDIRECT("'"&$A36&"'!D6"))} -> 分 0 | D37: 3队 | E37: {=INDIRECT("'"&$A36&"'!I4")} -> 18 | F37: {=INDIRECT("'"&$A37&"'!C14")} -> 0 | G37: {=INDIRECT("'"&$A37&"'!D14")} -> 0 | H37: {=INDIRECT("'"&$A37&"'!E14")} -> 0 | I37: {=INDIRECT("'"&$A37&"'!F14")} -> 0 | J37: {=INDIRECT("'"&$A37&"'!G14")} -> 0 | K37: {=INDIRECT("'"&$A37&"'!H14")} -> 0 | L37: {=INDIRECT("'"&$A37&"'!I14")} -> 0 | M37: {=INDIRECT("'"&$A37&"'!J14")} -> 0 | N37: {=INDIRECT("'"&$A37&"'!K14")} -> 0 | O37: {=INDIRECT("'"&$A37&"'!L14")} -> 0 | P37: {=INDIRECT("'"&$A37&"'!M14")} -> 0 | Q37: {=INDIRECT("'"&$A37&"'!N14")} -> 0 | R37: {=INDIRECT("'"&$A37&"'!O14")} -> 0 | S37: {=INDIRECT("'"&$A37&"'!P14")} -> 0 | T37: {=INDIRECT("'"&$A37&"'!Q14")} -> 0 | U37: {=INDIRECT("'"&$A37&"'!R14")} -> 0 | V37: {=INDIRECT("'"&$A37&"'!S14")} -> 0 | W37: {=INDIRECT("'"&$A37&"'!T14")} -> 0 | X37: {=INDIRECT("'"&$A37&"'!U14")} -> 0 | Y37: {=INDIRECT("'"&$A37&"'!V14")} -> 0 | Z37: {=INDIRECT("'"&$A37&"'!W14")} -> 0 | AA37: {=INDIRECT("'"&$A37&"'!X14")} -> 0 | AB37: {=INDIRECT("'"&$A37&"'!Y14")} -> 0 | AC37: {=INDIRECT("'"&$A37&"'!Z14")} -> 0 | AD37: {=INDIRECT("'"&$A37&"'!AA14")} -> 0 | AE37: {=INDIRECT("'"&$A36&"'!J4")} -> 0
A38: 13 | B38: =INDEX(data!$I$2:$I$91,MATCH(A38*1,data!$G$2:$G$91,0)) -> 46197 | C38: =HYPERLINK("#'" & A38 & "'!A1", "编辑") -> 编辑 | D38: 1队 | E38: {=INDIRECT("'"&$A39&"'!I2")} -> 18 | F38: {=INDIRECT("'"&$A38&"'!C8")} -> 0 | G38: {=INDIRECT("'"&$A38&"'!D8")} -> 0 | H38: {=INDIRECT("'"&$A38&"'!E8")} -> 0 | I38: {=INDIRECT("'"&$A38&"'!F8")} -> 0 | J38: {=INDIRECT("'"&$A38&"'!G8")} -> 0 | K38: {=INDIRECT("'"&$A38&"'!H8")} -> 0 | L38: {=INDIRECT("'"&$A38&"'!I8")} -> 0 | M38: {=INDIRECT("'"&$A38&"'!J8")} -> 0 | N38: {=INDIRECT("'"&$A38&"'!K8")} -> 0 | O38: {=INDIRECT("'"&$A38&"'!L8")} -> 0 | P38: {=INDIRECT("'"&$A38&"'!M8")} -> 0 | Q38: {=INDIRECT("'"&$A38&"'!N8")} -> 0 | R38: {=INDIRECT("'"&$A38&"'!O8")} -> 0 | S38: {=INDIRECT("'"&$A38&"'!P8")} -> 0 | T38: {=INDIRECT("'"&$A38&"'!Q8")} -> 0 | U38: {=INDIRECT("'"&$A38&"'!R8")} -> 0 | V38: {=INDIRECT("'"&$A38&"'!S8")} -> 0 | W38: {=INDIRECT("'"&$A38&"'!T8")} -> 0 | X38: {=INDIRECT("'"&$A38&"'!U8")} -> 0 | Y38: {=INDIRECT("'"&$A38&"'!V8")} -> 0 | Z38: {=INDIRECT("'"&$A38&"'!W8")} -> 0 | AA38: {=INDIRECT("'"&$A38&"'!X8")} -> 0 | AB38: {=INDIRECT("'"&$A38&"'!Y8")} -> 0 | AC38: {=INDIRECT("'"&$A38&"'!Z8")} -> 0 | AD38: {=INDIRECT("'"&$A38&"'!AA8")} -> 0 | AE38: {=INDIRECT("'"&$A39&"'!J2")} -> 0 | AF38: {=INDIRECT("'"&$A39&"'!AD1")}
A39: 13 | C39: {=CONCATENATE("粮 ",INDIRECT("'"&$A39&"'!D4"))} -> 粮 26000 | D39: 2队 | E39: {=INDIRECT("'"&$A39&"'!I3")} -> 18 | F39: {=INDIRECT("'"&$A39&"'!C11")} -> 0 | G39: {=INDIRECT("'"&$A39&"'!D11")} -> 0 | H39: {=INDIRECT("'"&$A39&"'!E11")} -> 0 | I39: {=INDIRECT("'"&$A39&"'!F11")} -> 0 | J39: {=INDIRECT("'"&$A39&"'!G11")} -> 0 | K39: {=INDIRECT("'"&$A39&"'!H11")} -> 0 | L39: {=INDIRECT("'"&$A39&"'!I11")} -> 0 | M39: {=INDIRECT("'"&$A39&"'!J11")} -> 0 | N39: {=INDIRECT("'"&$A39&"'!K11")} -> 0 | O39: {=INDIRECT("'"&$A39&"'!L11")} -> 0 | P39: {=INDIRECT("'"&$A39&"'!M11")} -> 0 | Q39: {=INDIRECT("'"&$A39&"'!N11")} -> 0 | R39: {=INDIRECT("'"&$A39&"'!O11")} -> 0 | S39: {=INDIRECT("'"&$A39&"'!P11")} -> 0 | T39: {=INDIRECT("'"&$A39&"'!Q11")} -> 0 | U39: {=INDIRECT("'"&$A39&"'!R11")} -> 0 | V39: {=INDIRECT("'"&$A39&"'!S11")} -> 0 | W39: {=INDIRECT("'"&$A39&"'!T11")} -> 0 | X39: {=INDIRECT("'"&$A39&"'!U11")} -> 0 | Y39: {=INDIRECT("'"&$A39&"'!V11")} -> 0 | Z39: {=INDIRECT("'"&$A39&"'!W11")} -> 0 | AA39: {=INDIRECT("'"&$A39&"'!X11")} -> 0 | AB39: {=INDIRECT("'"&$A39&"'!Y11")} -> 0 | AC39: {=INDIRECT("'"&$A39&"'!Z11")} -> 0 | AD39: {=INDIRECT("'"&$A39&"'!AA11")} -> 0 | AE39: {=INDIRECT("'"&$A39&"'!J3")} -> 0 | AF39: {=INDIRECT("'"&$A39&"'!AC1")}
A40: 13 | C40: {=CONCATENATE("分 ",INDIRECT("'"&$A39&"'!D6"))} -> 分 0 | D40: 3队 | E40: {=INDIRECT("'"&$A39&"'!I4")} -> 18 | F40: {=INDIRECT("'"&$A40&"'!C14")} -> 0 | G40: {=INDIRECT("'"&$A40&"'!D14")} -> 0 | H40: {=INDIRECT("'"&$A40&"'!E14")} -> 0 | I40: {=INDIRECT("'"&$A40&"'!F14")} -> 0 | J40: {=INDIRECT("'"&$A40&"'!G14")} -> 0 | K40: {=INDIRECT("'"&$A40&"'!H14")} -> 0 | L40: {=INDIRECT("'"&$A40&"'!I14")} -> 0 | M40: {=INDIRECT("'"&$A40&"'!J14")} -> 0 | N40: {=INDIRECT("'"&$A40&"'!K14")} -> 0 | O40: {=INDIRECT("'"&$A40&"'!L14")} -> 0 | P40: {=INDIRECT("'"&$A40&"'!M14")} -> 0 | Q40: {=INDIRECT("'"&$A40&"'!N14")} -> 0 | R40: {=INDIRECT("'"&$A40&"'!O14")} -> 0 | S40: {=INDIRECT("'"&$A40&"'!P14")} -> 0 | T40: {=INDIRECT("'"&$A40&"'!Q14")} -> 0 | U40: {=INDIRECT("'"&$A40&"'!R14")} -> 0 | V40: {=INDIRECT("'"&$A40&"'!S14")} -> 0 | W40: {=INDIRECT("'"&$A40&"'!T14")} -> 0 | X40: {=INDIRECT("'"&$A40&"'!U14")} -> 0 | Y40: {=INDIRECT("'"&$A40&"'!V14")} -> 0 | Z40: {=INDIRECT("'"&$A40&"'!W14")} -> 0 | AA40: {=INDIRECT("'"&$A40&"'!X14")} -> 0 | AB40: {=INDIRECT("'"&$A40&"'!Y14")} -> 0 | AC40: {=INDIRECT("'"&$A40&"'!Z14")} -> 0 | AD40: {=INDIRECT("'"&$A40&"'!AA14")} -> 0 | AE40: {=INDIRECT("'"&$A39&"'!J4")} -> 0
A41: 14 | B41: =INDEX(data!$I$2:$I$91,MATCH(A41*1,data!$G$2:$G$91,0)) -> 46198 | C41: =HYPERLINK("#'" & A41 & "'!A1", "编辑") -> 编辑 | D41: 1队 | E41: {=INDIRECT("'"&$A42&"'!I2")} -> 18 | F41: {=INDIRECT("'"&$A41&"'!C8")} -> 0 | G41: {=INDIRECT("'"&$A41&"'!D8")} -> 0 | H41: {=INDIRECT("'"&$A41&"'!E8")} -> 0 | I41: {=INDIRECT("'"&$A41&"'!F8")} -> 0 | J41: {=INDIRECT("'"&$A41&"'!G8")} -> 0 | K41: {=INDIRECT("'"&$A41&"'!H8")} -> 0 | L41: {=INDIRECT("'"&$A41&"'!I8")} -> 0 | M41: {=INDIRECT("'"&$A41&"'!J8")} -> 0 | N41: {=INDIRECT("'"&$A41&"'!K8")} -> 0 | O41: {=INDIRECT("'"&$A41&"'!L8")} -> 0 | P41: {=INDIRECT("'"&$A41&"'!M8")} -> 0 | Q41: {=INDIRECT("'"&$A41&"'!N8")} -> 0 | R41: {=INDIRECT("'"&$A41&"'!O8")} -> 0 | S41: {=INDIRECT("'"&$A41&"'!P8")} -> 0 | T41: {=INDIRECT("'"&$A41&"'!Q8")} -> 0 | U41: {=INDIRECT("'"&$A41&"'!R8")} -> 0 | V41: {=INDIRECT("'"&$A41&"'!S8")} -> 0 | W41: {=INDIRECT("'"&$A41&"'!T8")} -> 0 | X41: {=INDIRECT("'"&$A41&"'!U8")} -> 0 | Y41: {=INDIRECT("'"&$A41&"'!V8")} -> 0 | Z41: {=INDIRECT("'"&$A41&"'!W8")} -> 0 | AA41: {=INDIRECT("'"&$A41&"'!X8")} -> 0 | AB41: {=INDIRECT("'"&$A41&"'!Y8")} -> 0 | AC41: {=INDIRECT("'"&$A41&"'!Z8")} -> 0 | AD41: {=INDIRECT("'"&$A41&"'!AA8")} -> 0 | AE41: {=INDIRECT("'"&$A42&"'!J2")} -> 0 | AF41: {=INDIRECT("'"&$A42&"'!AD1")}
A42: 14 | C42: {=CONCATENATE("粮 ",INDIRECT("'"&$A42&"'!D4"))} -> 粮 27600 | D42: 2队 | E42: {=INDIRECT("'"&$A42&"'!I3")} -> 18 | F42: {=INDIRECT("'"&$A42&"'!C11")} -> 0 | G42: {=INDIRECT("'"&$A42&"'!D11")} -> 0 | H42: {=INDIRECT("'"&$A42&"'!E11")} -> 0 | I42: {=INDIRECT("'"&$A42&"'!F11")} -> 0 | J42: {=INDIRECT("'"&$A42&"'!G11")} -> 0 | K42: {=INDIRECT("'"&$A42&"'!H11")} -> 0 | L42: {=INDIRECT("'"&$A42&"'!I11")} -> 0 | M42: {=INDIRECT("'"&$A42&"'!J11")} -> 0 | N42: {=INDIRECT("'"&$A42&"'!K11")} -> 0 | O42: {=INDIRECT("'"&$A42&"'!L11")} -> 0 | P42: {=INDIRECT("'"&$A42&"'!M11")} -> 0 | Q42: {=INDIRECT("'"&$A42&"'!N11")} -> 0 | R42: {=INDIRECT("'"&$A42&"'!O11")} -> 0 | S42: {=INDIRECT("'"&$A42&"'!P11")} -> 0 | T42: {=INDIRECT("'"&$A42&"'!Q11")} -> 0 | U42: {=INDIRECT("'"&$A42&"'!R11")} -> 0 | V42: {=INDIRECT("'"&$A42&"'!S11")} -> 0 | W42: {=INDIRECT("'"&$A42&"'!T11")} -> 0 | X42: {=INDIRECT("'"&$A42&"'!U11")} -> 0 | Y42: {=INDIRECT("'"&$A42&"'!V11")} -> 0 | Z42: {=INDIRECT("'"&$A42&"'!W11")} -> 0 | AA42: {=INDIRECT("'"&$A42&"'!X11")} -> 0 | AB42: {=INDIRECT("'"&$A42&"'!Y11")} -> 0 | AC42: {=INDIRECT("'"&$A42&"'!Z11")} -> 0 | AD42: {=INDIRECT("'"&$A42&"'!AA11")} -> 0 | AE42: {=INDIRECT("'"&$A42&"'!J3")} -> 0 | AF42: {=INDIRECT("'"&$A42&"'!AC1")}
A43: 14 | C43: {=CONCATENATE("分 ",INDIRECT("'"&$A42&"'!D6"))} -> 分 0 | D43: 3队 | E43: {=INDIRECT("'"&$A42&"'!I4")} -> 18 | F43: {=INDIRECT("'"&$A43&"'!C14")} -> 0 | G43: {=INDIRECT("'"&$A43&"'!D14")} -> 0 | H43: {=INDIRECT("'"&$A43&"'!E14")} -> 0 | I43: {=INDIRECT("'"&$A43&"'!F14")} -> 0 | J43: {=INDIRECT("'"&$A43&"'!G14")} -> 0 | K43: {=INDIRECT("'"&$A43&"'!H14")} -> 0 | L43: {=INDIRECT("'"&$A43&"'!I14")} -> 0 | M43: {=INDIRECT("'"&$A43&"'!J14")} -> 0 | N43: {=INDIRECT("'"&$A43&"'!K14")} -> 0 | O43: {=INDIRECT("'"&$A43&"'!L14")} -> 0 | P43: {=INDIRECT("'"&$A43&"'!M14")} -> 0 | Q43: {=INDIRECT("'"&$A43&"'!N14")} -> 0 | R43: {=INDIRECT("'"&$A43&"'!O14")} -> 0 | S43: {=INDIRECT("'"&$A43&"'!P14")} -> 0 | T43: {=INDIRECT("'"&$A43&"'!Q14")} -> 0 | U43: {=INDIRECT("'"&$A43&"'!R14")} -> 0 | V43: {=INDIRECT("'"&$A43&"'!S14")} -> 0 | W43: {=INDIRECT("'"&$A43&"'!T14")} -> 0 | X43: {=INDIRECT("'"&$A43&"'!U14")} -> 0 | Y43: {=INDIRECT("'"&$A43&"'!V14")} -> 0 | Z43: {=INDIRECT("'"&$A43&"'!W14")} -> 0 | AA43: {=INDIRECT("'"&$A43&"'!X14")} -> 0 | AB43: {=INDIRECT("'"&$A43&"'!Y14")} -> 0 | AC43: {=INDIRECT("'"&$A43&"'!Z14")} -> 0 | AD43: {=INDIRECT("'"&$A43&"'!AA14")} -> 0 | AE43: {=INDIRECT("'"&$A42&"'!J4")} -> 0
A44: 15 | B44: =INDEX(data!$I$2:$I$91,MATCH(A44*1,data!$G$2:$G$91,0)) -> 46199 | C44: =HYPERLINK("#'" & A44 & "'!A1", "编辑") -> 编辑 | D44: 1队 | E44: {=INDIRECT("'"&$A45&"'!I2")} -> 18 | F44: {=INDIRECT("'"&$A44&"'!C8")} -> 0 | G44: {=INDIRECT("'"&$A44&"'!D8")} -> 0 | H44: {=INDIRECT("'"&$A44&"'!E8")} -> 0 | I44: {=INDIRECT("'"&$A44&"'!F8")} -> 0 | J44: {=INDIRECT("'"&$A44&"'!G8")} -> 0 | K44: {=INDIRECT("'"&$A44&"'!H8")} -> 0 | L44: {=INDIRECT("'"&$A44&"'!I8")} -> 0 | M44: {=INDIRECT("'"&$A44&"'!J8")} -> 0 | N44: {=INDIRECT("'"&$A44&"'!K8")} -> 0 | O44: {=INDIRECT("'"&$A44&"'!L8")} -> 0 | P44: {=INDIRECT("'"&$A44&"'!M8")} -> 0 | Q44: {=INDIRECT("'"&$A44&"'!N8")} -> 0 | R44: {=INDIRECT("'"&$A44&"'!O8")} -> 0 | S44: {=INDIRECT("'"&$A44&"'!P8")} -> 0 | T44: {=INDIRECT("'"&$A44&"'!Q8")} -> 0 | U44: {=INDIRECT("'"&$A44&"'!R8")} -> 0 | V44: {=INDIRECT("'"&$A44&"'!S8")} -> 0 | W44: {=INDIRECT("'"&$A44&"'!T8")} -> 0 | X44: {=INDIRECT("'"&$A44&"'!U8")} -> 0 | Y44: {=INDIRECT("'"&$A44&"'!V8")} -> 0 | Z44: {=INDIRECT("'"&$A44&"'!W8")} -> 0 | AA44: {=INDIRECT("'"&$A44&"'!X8")} -> 0 | AB44: {=INDIRECT("'"&$A44&"'!Y8")} -> 0 | AC44: {=INDIRECT("'"&$A44&"'!Z8")} -> 0 | AD44: {=INDIRECT("'"&$A44&"'!AA8")} -> 0 | AE44: {=INDIRECT("'"&$A45&"'!J2")} -> 0 | AF44: {=INDIRECT("'"&$A45&"'!AD1")}
A45: 15 | C45: {=CONCATENATE("粮 ",INDIRECT("'"&$A45&"'!D4"))} -> 粮 29200 | D45: 2队 | E45: {=INDIRECT("'"&$A45&"'!I3")} -> 18 | F45: {=INDIRECT("'"&$A45&"'!C11")} -> 0 | G45: {=INDIRECT("'"&$A45&"'!D11")} -> 0 | H45: {=INDIRECT("'"&$A45&"'!E11")} -> 0 | I45: {=INDIRECT("'"&$A45&"'!F11")} -> 0 | J45: {=INDIRECT("'"&$A45&"'!G11")} -> 0 | K45: {=INDIRECT("'"&$A45&"'!H11")} -> 0 | L45: {=INDIRECT("'"&$A45&"'!I11")} -> 0 | M45: {=INDIRECT("'"&$A45&"'!J11")} -> 0 | N45: {=INDIRECT("'"&$A45&"'!K11")} -> 0 | O45: {=INDIRECT("'"&$A45&"'!L11")} -> 0 | P45: {=INDIRECT("'"&$A45&"'!M11")} -> 0 | Q45: {=INDIRECT("'"&$A45&"'!N11")} -> 0 | R45: {=INDIRECT("'"&$A45&"'!O11")} -> 0 | S45: {=INDIRECT("'"&$A45&"'!P11")} -> 0 | T45: {=INDIRECT("'"&$A45&"'!Q11")} -> 0 | U45: {=INDIRECT("'"&$A45&"'!R11")} -> 0 | V45: {=INDIRECT("'"&$A45&"'!S11")} -> 0 | W45: {=INDIRECT("'"&$A45&"'!T11")} -> 0 | X45: {=INDIRECT("'"&$A45&"'!U11")} -> 0 | Y45: {=INDIRECT("'"&$A45&"'!V11")} -> 0 | Z45: {=INDIRECT("'"&$A45&"'!W11")} -> 0 | AA45: {=INDIRECT("'"&$A45&"'!X11")} -> 0 | AB45: {=INDIRECT("'"&$A45&"'!Y11")} -> 0 | AC45: {=INDIRECT("'"&$A45&"'!Z11")} -> 0 | AD45: {=INDIRECT("'"&$A45&"'!AA11")} -> 0 | AE45: {=INDIRECT("'"&$A45&"'!J3")} -> 0 | AF45: {=INDIRECT("'"&$A45&"'!AC1")}
A46: 15 | C46: {=CONCATENATE("分 ",INDIRECT("'"&$A45&"'!D6"))} -> 分 0 | D46: 3队 | E46: {=INDIRECT("'"&$A45&"'!I4")} -> 18 | F46: {=INDIRECT("'"&$A46&"'!C14")} -> 0 | G46: {=INDIRECT("'"&$A46&"'!D14")} -> 0 | H46: {=INDIRECT("'"&$A46&"'!E14")} -> 0 | I46: {=INDIRECT("'"&$A46&"'!F14")} -> 0 | J46: {=INDIRECT("'"&$A46&"'!G14")} -> 0 | K46: {=INDIRECT("'"&$A46&"'!H14")} -> 0 | L46: {=INDIRECT("'"&$A46&"'!I14")} -> 0 | M46: {=INDIRECT("'"&$A46&"'!J14")} -> 0 | N46: {=INDIRECT("'"&$A46&"'!K14")} -> 0 | O46: {=INDIRECT("'"&$A46&"'!L14")} -> 0 | P46: {=INDIRECT("'"&$A46&"'!M14")} -> 0 | Q46: {=INDIRECT("'"&$A46&"'!N14")} -> 0 | R46: {=INDIRECT("'"&$A46&"'!O14")} -> 0 | S46: {=INDIRECT("'"&$A46&"'!P14")} -> 0 | T46: {=INDIRECT("'"&$A46&"'!Q14")} -> 0 | U46: {=INDIRECT("'"&$A46&"'!R14")} -> 0 | V46: {=INDIRECT("'"&$A46&"'!S14")} -> 0 | W46: {=INDIRECT("'"&$A46&"'!T14")} -> 0 | X46: {=INDIRECT("'"&$A46&"'!U14")} -> 0 | Y46: {=INDIRECT("'"&$A46&"'!V14")} -> 0 | Z46: {=INDIRECT("'"&$A46&"'!W14")} -> 0 | AA46: {=INDIRECT("'"&$A46&"'!X14")} -> 0 | AB46: {=INDIRECT("'"&$A46&"'!Y14")} -> 0 | AC46: {=INDIRECT("'"&$A46&"'!Z14")} -> 0 | AD46: {=INDIRECT("'"&$A46&"'!AA14")} -> 0 | AE46: {=INDIRECT("'"&$A45&"'!J4")} -> 0
A47: 16 | B47: =INDEX(data!$I$2:$I$91,MATCH(A47*1,data!$G$2:$G$91,0)) -> 46200 | C47: =HYPERLINK("#'" & A47 & "'!A1", "编辑") -> 编辑 | D47: 1队 | E47: {=INDIRECT("'"&$A48&"'!I2")} -> 18 | F47: {=INDIRECT("'"&$A47&"'!C8")} -> 0 | G47: {=INDIRECT("'"&$A47&"'!D8")} -> 0 | H47: {=INDIRECT("'"&$A47&"'!E8")} -> 0 | I47: {=INDIRECT("'"&$A47&"'!F8")} -> 0 | J47: {=INDIRECT("'"&$A47&"'!G8")} -> 0 | K47: {=INDIRECT("'"&$A47&"'!H8")} -> 0 | L47: {=INDIRECT("'"&$A47&"'!I8")} -> 0 | M47: {=INDIRECT("'"&$A47&"'!J8")} -> 0 | N47: {=INDIRECT("'"&$A47&"'!K8")} -> 0 | O47: {=INDIRECT("'"&$A47&"'!L8")} -> 0 | P47: {=INDIRECT("'"&$A47&"'!M8")} -> 0 | Q47: {=INDIRECT("'"&$A47&"'!N8")} -> 0 | R47: {=INDIRECT("'"&$A47&"'!O8")} -> 0 | S47: {=INDIRECT("'"&$A47&"'!P8")} -> 0 | T47: {=INDIRECT("'"&$A47&"'!Q8")} -> 0 | U47: {=INDIRECT("'"&$A47&"'!R8")} -> 0 | V47: {=INDIRECT("'"&$A47&"'!S8")} -> 0 | W47: {=INDIRECT("'"&$A47&"'!T8")} -> 0 | X47: {=INDIRECT("'"&$A47&"'!U8")} -> 0 | Y47: {=INDIRECT("'"&$A47&"'!V8")} -> 0 | Z47: {=INDIRECT("'"&$A47&"'!W8")} -> 0 | AA47: {=INDIRECT("'"&$A47&"'!X8")} -> 0 | AB47: {=INDIRECT("'"&$A47&"'!Y8")} -> 0 | AC47: {=INDIRECT("'"&$A47&"'!Z8")} -> 0 | AD47: {=INDIRECT("'"&$A47&"'!AA8")} -> 0 | AE47: {=INDIRECT("'"&$A48&"'!J2")} -> 0 | AF47: {=INDIRECT("'"&$A48&"'!AD1")}
A48: 16 | C48: {=CONCATENATE("粮 ",INDIRECT("'"&$A48&"'!D4"))} -> 粮 30800 | D48: 2队 | E48: {=INDIRECT("'"&$A48&"'!I3")} -> 18 | F48: {=INDIRECT("'"&$A48&"'!C11")} -> 0 | G48: {=INDIRECT("'"&$A48&"'!D11")} -> 0 | H48: {=INDIRECT("'"&$A48&"'!E11")} -> 0 | I48: {=INDIRECT("'"&$A48&"'!F11")} -> 0 | J48: {=INDIRECT("'"&$A48&"'!G11")} -> 0 | K48: {=INDIRECT("'"&$A48&"'!H11")} -> 0 | L48: {=INDIRECT("'"&$A48&"'!I11")} -> 0 | M48: {=INDIRECT("'"&$A48&"'!J11")} -> 0 | N48: {=INDIRECT("'"&$A48&"'!K11")} -> 0 | O48: {=INDIRECT("'"&$A48&"'!L11")} -> 0 | P48: {=INDIRECT("'"&$A48&"'!M11")} -> 0 | Q48: {=INDIRECT("'"&$A48&"'!N11")} -> 0 | R48: {=INDIRECT("'"&$A48&"'!O11")} -> 0 | S48: {=INDIRECT("'"&$A48&"'!P11")} -> 0 | T48: {=INDIRECT("'"&$A48&"'!Q11")} -> 0 | U48: {=INDIRECT("'"&$A48&"'!R11")} -> 0 | V48: {=INDIRECT("'"&$A48&"'!S11")} -> 0 | W48: {=INDIRECT("'"&$A48&"'!T11")} -> 0 | X48: {=INDIRECT("'"&$A48&"'!U11")} -> 0 | Y48: {=INDIRECT("'"&$A48&"'!V11")} -> 0 | Z48: {=INDIRECT("'"&$A48&"'!W11")} -> 0 | AA48: {=INDIRECT("'"&$A48&"'!X11")} -> 0 | AB48: {=INDIRECT("'"&$A48&"'!Y11")} -> 0 | AC48: {=INDIRECT("'"&$A48&"'!Z11")} -> 0 | AD48: {=INDIRECT("'"&$A48&"'!AA11")} -> 0 | AE48: {=INDIRECT("'"&$A48&"'!J3")} -> 0 | AF48: {=INDIRECT("'"&$A48&"'!AC1")}
A49: 16 | C49: {=CONCATENATE("分 ",INDIRECT("'"&$A48&"'!D6"))} -> 分 0 | D49: 3队 | E49: {=INDIRECT("'"&$A48&"'!I4")} -> 18 | F49: {=INDIRECT("'"&$A49&"'!C14")} -> 0 | G49: {=INDIRECT("'"&$A49&"'!D14")} -> 0 | H49: {=INDIRECT("'"&$A49&"'!E14")} -> 0 | I49: {=INDIRECT("'"&$A49&"'!F14")} -> 0 | J49: {=INDIRECT("'"&$A49&"'!G14")} -> 0 | K49: {=INDIRECT("'"&$A49&"'!H14")} -> 0 | L49: {=INDIRECT("'"&$A49&"'!I14")} -> 0 | M49: {=INDIRECT("'"&$A49&"'!J14")} -> 0 | N49: {=INDIRECT("'"&$A49&"'!K14")} -> 0 | O49: {=INDIRECT("'"&$A49&"'!L14")} -> 0 | P49: {=INDIRECT("'"&$A49&"'!M14")} -> 0 | Q49: {=INDIRECT("'"&$A49&"'!N14")} -> 0 | R49: {=INDIRECT("'"&$A49&"'!O14")} -> 0 | S49: {=INDIRECT("'"&$A49&"'!P14")} -> 0 | T49: {=INDIRECT("'"&$A49&"'!Q14")} -> 0 | U49: {=INDIRECT("'"&$A49&"'!R14")} -> 0 | V49: {=INDIRECT("'"&$A49&"'!S14")} -> 0 | W49: {=INDIRECT("'"&$A49&"'!T14")} -> 0 | X49: {=INDIRECT("'"&$A49&"'!U14")} -> 0 | Y49: {=INDIRECT("'"&$A49&"'!V14")} -> 0 | Z49: {=INDIRECT("'"&$A49&"'!W14")} -> 0 | AA49: {=INDIRECT("'"&$A49&"'!X14")} -> 0 | AB49: {=INDIRECT("'"&$A49&"'!Y14")} -> 0 | AC49: {=INDIRECT("'"&$A49&"'!Z14")} -> 0 | AD49: {=INDIRECT("'"&$A49&"'!AA14")} -> 0 | AE49: {=INDIRECT("'"&$A48&"'!J4")} -> 0
A50: 17 | B50: =INDEX(data!$I$2:$I$91,MATCH(A50*1,data!$G$2:$G$91,0)) -> 46201 | C50: =HYPERLINK("#'" & A50 & "'!A1", "编辑") -> 编辑 | D50: 1队 | E50: {=INDIRECT("'"&$A51&"'!I2")} -> 18 | F50: {=INDIRECT("'"&$A50&"'!C8")} -> 0 | G50: {=INDIRECT("'"&$A50&"'!D8")} -> 0 | H50: {=INDIRECT("'"&$A50&"'!E8")} -> 0 | I50: {=INDIRECT("'"&$A50&"'!F8")} -> 0 | J50: {=INDIRECT("'"&$A50&"'!G8")} -> 0 | K50: {=INDIRECT("'"&$A50&"'!H8")} -> 0 | L50: {=INDIRECT("'"&$A50&"'!I8")} -> 0 | M50: {=INDIRECT("'"&$A50&"'!J8")} -> 0 | N50: {=INDIRECT("'"&$A50&"'!K8")} -> 0 | O50: {=INDIRECT("'"&$A50&"'!L8")} -> 0 | P50: {=INDIRECT("'"&$A50&"'!M8")} -> 0 | Q50: {=INDIRECT("'"&$A50&"'!N8")} -> 0 | R50: {=INDIRECT("'"&$A50&"'!O8")} -> 0 | S50: {=INDIRECT("'"&$A50&"'!P8")} -> 0 | T50: {=INDIRECT("'"&$A50&"'!Q8")} -> 0 | U50: {=INDIRECT("'"&$A50&"'!R8")} -> 0 | V50: {=INDIRECT("'"&$A50&"'!S8")} -> 0 | W50: {=INDIRECT("'"&$A50&"'!T8")} -> 0 | X50: {=INDIRECT("'"&$A50&"'!U8")} -> 0 | Y50: {=INDIRECT("'"&$A50&"'!V8")} -> 0 | Z50: {=INDIRECT("'"&$A50&"'!W8")} -> 0 | AA50: {=INDIRECT("'"&$A50&"'!X8")} -> 0 | AB50: {=INDIRECT("'"&$A50&"'!Y8")} -> 0 | AC50: {=INDIRECT("'"&$A50&"'!Z8")} -> 0 | AD50: {=INDIRECT("'"&$A50&"'!AA8")} -> 0 | AE50: {=INDIRECT("'"&$A51&"'!J2")} -> 0 | AF50: {=INDIRECT("'"&$A51&"'!AD1")}
A51: 17 | C51: {=CONCATENATE("粮 ",INDIRECT("'"&$A51&"'!D4"))} -> 粮 32400 | D51: 2队 | E51: {=INDIRECT("'"&$A51&"'!I3")} -> 18 | F51: {=INDIRECT("'"&$A51&"'!C11")} -> 0 | G51: {=INDIRECT("'"&$A51&"'!D11")} -> 0 | H51: {=INDIRECT("'"&$A51&"'!E11")} -> 0 | I51: {=INDIRECT("'"&$A51&"'!F11")} -> 0 | J51: {=INDIRECT("'"&$A51&"'!G11")} -> 0 | K51: {=INDIRECT("'"&$A51&"'!H11")} -> 0 | L51: {=INDIRECT("'"&$A51&"'!I11")} -> 0 | M51: {=INDIRECT("'"&$A51&"'!J11")} -> 0 | N51: {=INDIRECT("'"&$A51&"'!K11")} -> 0 | O51: {=INDIRECT("'"&$A51&"'!L11")} -> 0 | P51: {=INDIRECT("'"&$A51&"'!M11")} -> 0 | Q51: {=INDIRECT("'"&$A51&"'!N11")} -> 0 | R51: {=INDIRECT("'"&$A51&"'!O11")} -> 0 | S51: {=INDIRECT("'"&$A51&"'!P11")} -> 0 | T51: {=INDIRECT("'"&$A51&"'!Q11")} -> 0 | U51: {=INDIRECT("'"&$A51&"'!R11")} -> 0 | V51: {=INDIRECT("'"&$A51&"'!S11")} -> 0 | W51: {=INDIRECT("'"&$A51&"'!T11")} -> 0 | X51: {=INDIRECT("'"&$A51&"'!U11")} -> 0 | Y51: {=INDIRECT("'"&$A51&"'!V11")} -> 0 | Z51: {=INDIRECT("'"&$A51&"'!W11")} -> 0 | AA51: {=INDIRECT("'"&$A51&"'!X11")} -> 0 | AB51: {=INDIRECT("'"&$A51&"'!Y11")} -> 0 | AC51: {=INDIRECT("'"&$A51&"'!Z11")} -> 0 | AD51: {=INDIRECT("'"&$A51&"'!AA11")} -> 0 | AE51: {=INDIRECT("'"&$A51&"'!J3")} -> 0 | AF51: {=INDIRECT("'"&$A51&"'!AC1")}
A52: 17 | C52: {=CONCATENATE("分 ",INDIRECT("'"&$A51&"'!D6"))} -> 分 0 | D52: 3队 | E52: {=INDIRECT("'"&$A51&"'!I4")} -> 18 | F52: {=INDIRECT("'"&$A52&"'!C14")} -> 0 | G52: {=INDIRECT("'"&$A52&"'!D14")} -> 0 | H52: {=INDIRECT("'"&$A52&"'!E14")} -> 0 | I52: {=INDIRECT("'"&$A52&"'!F14")} -> 0 | J52: {=INDIRECT("'"&$A52&"'!G14")} -> 0 | K52: {=INDIRECT("'"&$A52&"'!H14")} -> 0 | L52: {=INDIRECT("'"&$A52&"'!I14")} -> 0 | M52: {=INDIRECT("'"&$A52&"'!J14")} -> 0 | N52: {=INDIRECT("'"&$A52&"'!K14")} -> 0 | O52: {=INDIRECT("'"&$A52&"'!L14")} -> 0 | P52: {=INDIRECT("'"&$A52&"'!M14")} -> 0 | Q52: {=INDIRECT("'"&$A52&"'!N14")} -> 0 | R52: {=INDIRECT("'"&$A52&"'!O14")} -> 0 | S52: {=INDIRECT("'"&$A52&"'!P14")} -> 0 | T52: {=INDIRECT("'"&$A52&"'!Q14")} -> 0 | U52: {=INDIRECT("'"&$A52&"'!R14")} -> 0 | V52: {=INDIRECT("'"&$A52&"'!S14")} -> 0 | W52: {=INDIRECT("'"&$A52&"'!T14")} -> 0 | X52: {=INDIRECT("'"&$A52&"'!U14")} -> 0 | Y52: {=INDIRECT("'"&$A52&"'!V14")} -> 0 | Z52: {=INDIRECT("'"&$A52&"'!W14")} -> 0 | AA52: {=INDIRECT("'"&$A52&"'!X14")} -> 0 | AB52: {=INDIRECT("'"&$A52&"'!Y14")} -> 0 | AC52: {=INDIRECT("'"&$A52&"'!Z14")} -> 0 | AD52: {=INDIRECT("'"&$A52&"'!AA14")} -> 0 | AE52: {=INDIRECT("'"&$A51&"'!J4")} -> 0
A53: 18 | B53: =INDEX(data!$I$2:$I$91,MATCH(A53*1,data!$G$2:$G$91,0)) -> 46202 | C53: =HYPERLINK("#'" & A53 & "'!A1", "编辑") -> 编辑 | D53: 1队 | E53: {=INDIRECT("'"&$A54&"'!I2")} -> 18 | F53: {=INDIRECT("'"&$A53&"'!C8")} -> 0 | G53: {=INDIRECT("'"&$A53&"'!D8")} -> 0 | H53: {=INDIRECT("'"&$A53&"'!E8")} -> 0 | I53: {=INDIRECT("'"&$A53&"'!F8")} -> 0 | J53: {=INDIRECT("'"&$A53&"'!G8")} -> 0 | K53: {=INDIRECT("'"&$A53&"'!H8")} -> 0 | L53: {=INDIRECT("'"&$A53&"'!I8")} -> 0 | M53: {=INDIRECT("'"&$A53&"'!J8")} -> 0 | N53: {=INDIRECT("'"&$A53&"'!K8")} -> 0 | O53: {=INDIRECT("'"&$A53&"'!L8")} -> 0 | P53: {=INDIRECT("'"&$A53&"'!M8")} -> 0 | Q53: {=INDIRECT("'"&$A53&"'!N8")} -> 0 | R53: {=INDIRECT("'"&$A53&"'!O8")} -> 0 | S53: {=INDIRECT("'"&$A53&"'!P8")} -> 0 | T53: {=INDIRECT("'"&$A53&"'!Q8")} -> 0 | U53: {=INDIRECT("'"&$A53&"'!R8")} -> 0 | V53: {=INDIRECT("'"&$A53&"'!S8")} -> 0 | W53: {=INDIRECT("'"&$A53&"'!T8")} -> 0 | X53: {=INDIRECT("'"&$A53&"'!U8")} -> 0 | Y53: {=INDIRECT("'"&$A53&"'!V8")} -> 0 | Z53: {=INDIRECT("'"&$A53&"'!W8")} -> 0 | AA53: {=INDIRECT("'"&$A53&"'!X8")} -> 0 | AB53: {=INDIRECT("'"&$A53&"'!Y8")} -> 0 | AC53: {=INDIRECT("'"&$A53&"'!Z8")} -> 0 | AD53: {=INDIRECT("'"&$A53&"'!AA8")} -> 0 | AE53: {=INDIRECT("'"&$A54&"'!J2")} -> 0 | AF53: {=INDIRECT("'"&$A54&"'!AD1")}
A54: 18 | C54: {=CONCATENATE("粮 ",INDIRECT("'"&$A54&"'!D4"))} -> 粮 34000 | D54: 2队 | E54: {=INDIRECT("'"&$A54&"'!I3")} -> 18 | F54: {=INDIRECT("'"&$A54&"'!C11")} -> 0 | G54: {=INDIRECT("'"&$A54&"'!D11")} -> 0 | H54: {=INDIRECT("'"&$A54&"'!E11")} -> 0 | I54: {=INDIRECT("'"&$A54&"'!F11")} -> 0 | J54: {=INDIRECT("'"&$A54&"'!G11")} -> 0 | K54: {=INDIRECT("'"&$A54&"'!H11")} -> 0 | L54: {=INDIRECT("'"&$A54&"'!I11")} -> 0 | M54: {=INDIRECT("'"&$A54&"'!J11")} -> 0 | N54: {=INDIRECT("'"&$A54&"'!K11")} -> 0 | O54: {=INDIRECT("'"&$A54&"'!L11")} -> 0 | P54: {=INDIRECT("'"&$A54&"'!M11")} -> 0 | Q54: {=INDIRECT("'"&$A54&"'!N11")} -> 0 | R54: {=INDIRECT("'"&$A54&"'!O11")} -> 0 | S54: {=INDIRECT("'"&$A54&"'!P11")} -> 0 | T54: {=INDIRECT("'"&$A54&"'!Q11")} -> 0 | U54: {=INDIRECT("'"&$A54&"'!R11")} -> 0 | V54: {=INDIRECT("'"&$A54&"'!S11")} -> 0 | W54: {=INDIRECT("'"&$A54&"'!T11")} -> 0 | X54: {=INDIRECT("'"&$A54&"'!U11")} -> 0 | Y54: {=INDIRECT("'"&$A54&"'!V11")} -> 0 | Z54: {=INDIRECT("'"&$A54&"'!W11")} -> 0 | AA54: {=INDIRECT("'"&$A54&"'!X11")} -> 0 | AB54: {=INDIRECT("'"&$A54&"'!Y11")} -> 0 | AC54: {=INDIRECT("'"&$A54&"'!Z11")} -> 0 | AD54: {=INDIRECT("'"&$A54&"'!AA11")} -> 0 | AE54: {=INDIRECT("'"&$A54&"'!J3")} -> 0 | AF54: {=INDIRECT("'"&$A54&"'!AC1")}
A55: 18 | C55: {=CONCATENATE("分 ",INDIRECT("'"&$A54&"'!D6"))} -> 分 0 | D55: 3队 | E55: {=INDIRECT("'"&$A54&"'!I4")} -> 18 | F55: {=INDIRECT("'"&$A55&"'!C14")} -> 0 | G55: {=INDIRECT("'"&$A55&"'!D14")} -> 0 | H55: {=INDIRECT("'"&$A55&"'!E14")} -> 0 | I55: {=INDIRECT("'"&$A55&"'!F14")} -> 0 | J55: {=INDIRECT("'"&$A55&"'!G14")} -> 0 | K55: {=INDIRECT("'"&$A55&"'!H14")} -> 0 | L55: {=INDIRECT("'"&$A55&"'!I14")} -> 0 | M55: {=INDIRECT("'"&$A55&"'!J14")} -> 0 | N55: {=INDIRECT("'"&$A55&"'!K14")} -> 0 | O55: {=INDIRECT("'"&$A55&"'!L14")} -> 0 | P55: {=INDIRECT("'"&$A55&"'!M14")} -> 0 | Q55: {=INDIRECT("'"&$A55&"'!N14")} -> 0 | R55: {=INDIRECT("'"&$A55&"'!O14")} -> 0 | S55: {=INDIRECT("'"&$A55&"'!P14")} -> 0 | T55: {=INDIRECT("'"&$A55&"'!Q14")} -> 0 | U55: {=INDIRECT("'"&$A55&"'!R14")} -> 0 | V55: {=INDIRECT("'"&$A55&"'!S14")} -> 0 | W55: {=INDIRECT("'"&$A55&"'!T14")} -> 0 | X55: {=INDIRECT("'"&$A55&"'!U14")} -> 0 | Y55: {=INDIRECT("'"&$A55&"'!V14")} -> 0 | Z55: {=INDIRECT("'"&$A55&"'!W14")} -> 0 | AA55: {=INDIRECT("'"&$A55&"'!X14")} -> 0 | AB55: {=INDIRECT("'"&$A55&"'!Y14")} -> 0 | AC55: {=INDIRECT("'"&$A55&"'!Z14")} -> 0 | AD55: {=INDIRECT("'"&$A55&"'!AA14")} -> 0 | AE55: {=INDIRECT("'"&$A54&"'!J4")} -> 0
A56: 19 | B56: =INDEX(data!$I$2:$I$91,MATCH(A56*1,data!$G$2:$G$91,0)) -> 46203 | C56: =HYPERLINK("#'" & A56 & "'!A1", "编辑") -> 编辑 | D56: 1队 | E56: {=INDIRECT("'"&$A57&"'!I2")} -> 18 | F56: {=INDIRECT("'"&$A56&"'!C8")} -> 0 | G56: {=INDIRECT("'"&$A56&"'!D8")} -> 0 | H56: {=INDIRECT("'"&$A56&"'!E8")} -> 0 | I56: {=INDIRECT("'"&$A56&"'!F8")} -> 0 | J56: {=INDIRECT("'"&$A56&"'!G8")} -> 0 | K56: {=INDIRECT("'"&$A56&"'!H8")} -> 0 | L56: {=INDIRECT("'"&$A56&"'!I8")} -> 0 | M56: {=INDIRECT("'"&$A56&"'!J8")} -> 0 | N56: {=INDIRECT("'"&$A56&"'!K8")} -> 0 | O56: {=INDIRECT("'"&$A56&"'!L8")} -> 0 | P56: {=INDIRECT("'"&$A56&"'!M8")} -> 0 | Q56: {=INDIRECT("'"&$A56&"'!N8")} -> 0 | R56: {=INDIRECT("'"&$A56&"'!O8")} -> 0 | S56: {=INDIRECT("'"&$A56&"'!P8")} -> 0 | T56: {=INDIRECT("'"&$A56&"'!Q8")} -> 0 | U56: {=INDIRECT("'"&$A56&"'!R8")} -> 0 | V56: {=INDIRECT("'"&$A56&"'!S8")} -> 0 | W56: {=INDIRECT("'"&$A56&"'!T8")} -> 0 | X56: {=INDIRECT("'"&$A56&"'!U8")} -> 0 | Y56: {=INDIRECT("'"&$A56&"'!V8")} -> 0 | Z56: {=INDIRECT("'"&$A56&"'!W8")} -> 0 | AA56: {=INDIRECT("'"&$A56&"'!X8")} -> 0 | AB56: {=INDIRECT("'"&$A56&"'!Y8")} -> 0 | AC56: {=INDIRECT("'"&$A56&"'!Z8")} -> 0 | AD56: {=INDIRECT("'"&$A56&"'!AA8")} -> 0 | AE56: {=INDIRECT("'"&$A57&"'!J2")} -> 0 | AF56: {=INDIRECT("'"&$A57&"'!AD1")}
A57: 19 | C57: {=CONCATENATE("粮 ",INDIRECT("'"&$A57&"'!D4"))} -> 粮 35600 | D57: 2队 | E57: {=INDIRECT("'"&$A57&"'!I3")} -> 18 | F57: {=INDIRECT("'"&$A57&"'!C11")} -> 0 | G57: {=INDIRECT("'"&$A57&"'!D11")} -> 0 | H57: {=INDIRECT("'"&$A57&"'!E11")} -> 0 | I57: {=INDIRECT("'"&$A57&"'!F11")} -> 0 | J57: {=INDIRECT("'"&$A57&"'!G11")} -> 0 | K57: {=INDIRECT("'"&$A57&"'!H11")} -> 0 | L57: {=INDIRECT("'"&$A57&"'!I11")} -> 0 | M57: {=INDIRECT("'"&$A57&"'!J11")} -> 0 | N57: {=INDIRECT("'"&$A57&"'!K11")} -> 0 | O57: {=INDIRECT("'"&$A57&"'!L11")} -> 0 | P57: {=INDIRECT("'"&$A57&"'!M11")} -> 0 | Q57: {=INDIRECT("'"&$A57&"'!N11")} -> 0 | R57: {=INDIRECT("'"&$A57&"'!O11")} -> 0 | S57: {=INDIRECT("'"&$A57&"'!P11")} -> 0 | T57: {=INDIRECT("'"&$A57&"'!Q11")} -> 0 | U57: {=INDIRECT("'"&$A57&"'!R11")} -> 0 | V57: {=INDIRECT("'"&$A57&"'!S11")} -> 0 | W57: {=INDIRECT("'"&$A57&"'!T11")} -> 0 | X57: {=INDIRECT("'"&$A57&"'!U11")} -> 0 | Y57: {=INDIRECT("'"&$A57&"'!V11")} -> 0 | Z57: {=INDIRECT("'"&$A57&"'!W11")} -> 0 | AA57: {=INDIRECT("'"&$A57&"'!X11")} -> 0 | AB57: {=INDIRECT("'"&$A57&"'!Y11")} -> 0 | AC57: {=INDIRECT("'"&$A57&"'!Z11")} -> 0 | AD57: {=INDIRECT("'"&$A57&"'!AA11")} -> 0 | AE57: {=INDIRECT("'"&$A57&"'!J3")} -> 0 | AF57: {=INDIRECT("'"&$A57&"'!AC1")}
A58: 19 | C58: {=CONCATENATE("分 ",INDIRECT("'"&$A57&"'!D6"))} -> 分 0 | D58: 3队 | E58: {=INDIRECT("'"&$A57&"'!I4")} -> 18 | F58: {=INDIRECT("'"&$A58&"'!C14")} -> 0 | G58: {=INDIRECT("'"&$A58&"'!D14")} -> 0 | H58: {=INDIRECT("'"&$A58&"'!E14")} -> 0 | I58: {=INDIRECT("'"&$A58&"'!F14")} -> 0 | J58: {=INDIRECT("'"&$A58&"'!G14")} -> 0 | K58: {=INDIRECT("'"&$A58&"'!H14")} -> 0 | L58: {=INDIRECT("'"&$A58&"'!I14")} -> 0 | M58: {=INDIRECT("'"&$A58&"'!J14")} -> 0 | N58: {=INDIRECT("'"&$A58&"'!K14")} -> 0 | O58: {=INDIRECT("'"&$A58&"'!L14")} -> 0 | P58: {=INDIRECT("'"&$A58&"'!M14")} -> 0 | Q58: {=INDIRECT("'"&$A58&"'!N14")} -> 0 | R58: {=INDIRECT("'"&$A58&"'!O14")} -> 0 | S58: {=INDIRECT("'"&$A58&"'!P14")} -> 0 | T58: {=INDIRECT("'"&$A58&"'!Q14")} -> 0 | U58: {=INDIRECT("'"&$A58&"'!R14")} -> 0 | V58: {=INDIRECT("'"&$A58&"'!S14")} -> 0 | W58: {=INDIRECT("'"&$A58&"'!T14")} -> 0 | X58: {=INDIRECT("'"&$A58&"'!U14")} -> 0 | Y58: {=INDIRECT("'"&$A58&"'!V14")} -> 0 | Z58: {=INDIRECT("'"&$A58&"'!W14")} -> 0 | AA58: {=INDIRECT("'"&$A58&"'!X14")} -> 0 | AB58: {=INDIRECT("'"&$A58&"'!Y14")} -> 0 | AC58: {=INDIRECT("'"&$A58&"'!Z14")} -> 0 | AD58: {=INDIRECT("'"&$A58&"'!AA14")} -> 0 | AE58: {=INDIRECT("'"&$A57&"'!J4")} -> 0
A59: 20 | B59: =INDEX(data!$I$2:$I$91,MATCH(A59*1,data!$G$2:$G$91,0)) -> 46204 | C59: =HYPERLINK("#'" & A59 & "'!A1", "编辑") -> 编辑 | D59: 1队 | E59: {=INDIRECT("'"&$A60&"'!I2")} -> 18 | F59: {=INDIRECT("'"&$A59&"'!C8")} -> 0 | G59: {=INDIRECT("'"&$A59&"'!D8")} -> 0 | H59: {=INDIRECT("'"&$A59&"'!E8")} -> 0 | I59: {=INDIRECT("'"&$A59&"'!F8")} -> 0 | J59: {=INDIRECT("'"&$A59&"'!G8")} -> 0 | K59: {=INDIRECT("'"&$A59&"'!H8")} -> 0 | L59: {=INDIRECT("'"&$A59&"'!I8")} -> 0 | M59: {=INDIRECT("'"&$A59&"'!J8")} -> 0 | N59: {=INDIRECT("'"&$A59&"'!K8")} -> 0 | O59: {=INDIRECT("'"&$A59&"'!L8")} -> 0 | P59: {=INDIRECT("'"&$A59&"'!M8")} -> 0 | Q59: {=INDIRECT("'"&$A59&"'!N8")} -> 0 | R59: {=INDIRECT("'"&$A59&"'!O8")} -> 0 | S59: {=INDIRECT("'"&$A59&"'!P8")} -> 0 | T59: {=INDIRECT("'"&$A59&"'!Q8")} -> 0 | U59: {=INDIRECT("'"&$A59&"'!R8")} -> 0 | V59: {=INDIRECT("'"&$A59&"'!S8")} -> 0 | W59: {=INDIRECT("'"&$A59&"'!T8")} -> 0 | X59: {=INDIRECT("'"&$A59&"'!U8")} -> 0 | Y59: {=INDIRECT("'"&$A59&"'!V8")} -> 0 | Z59: {=INDIRECT("'"&$A59&"'!W8")} -> 0 | AA59: {=INDIRECT("'"&$A59&"'!X8")} -> 0 | AB59: {=INDIRECT("'"&$A59&"'!Y8")} -> 0 | AC59: {=INDIRECT("'"&$A59&"'!Z8")} -> 0 | AD59: {=INDIRECT("'"&$A59&"'!AA8")} -> 0 | AE59: {=INDIRECT("'"&$A60&"'!J2")} -> 0 | AF59: {=INDIRECT("'"&$A60&"'!AD1")}
A60: 20 | C60: {=CONCATENATE("粮 ",INDIRECT("'"&$A60&"'!D4"))} -> 粮 37200 | D60: 2队 | E60: {=INDIRECT("'"&$A60&"'!I3")} -> 18 | F60: {=INDIRECT("'"&$A60&"'!C11")} -> 0 | G60: {=INDIRECT("'"&$A60&"'!D11")} -> 0 | H60: {=INDIRECT("'"&$A60&"'!E11")} -> 0 | I60: {=INDIRECT("'"&$A60&"'!F11")} -> 0 | J60: {=INDIRECT("'"&$A60&"'!G11")} -> 0 | K60: {=INDIRECT("'"&$A60&"'!H11")} -> 0 | L60: {=INDIRECT("'"&$A60&"'!I11")} -> 0 | M60: {=INDIRECT("'"&$A60&"'!J11")} -> 0 | N60: {=INDIRECT("'"&$A60&"'!K11")} -> 0 | O60: {=INDIRECT("'"&$A60&"'!L11")} -> 0 | P60: {=INDIRECT("'"&$A60&"'!M11")} -> 0 | Q60: {=INDIRECT("'"&$A60&"'!N11")} -> 0 | R60: {=INDIRECT("'"&$A60&"'!O11")} -> 0 | S60: {=INDIRECT("'"&$A60&"'!P11")} -> 0 | T60: {=INDIRECT("'"&$A60&"'!Q11")} -> 0 | U60: {=INDIRECT("'"&$A60&"'!R11")} -> 0 | V60: {=INDIRECT("'"&$A60&"'!S11")} -> 0 | W60: {=INDIRECT("'"&$A60&"'!T11")} -> 0 | X60: {=INDIRECT("'"&$A60&"'!U11")} -> 0 | Y60: {=INDIRECT("'"&$A60&"'!V11")} -> 0 | Z60: {=INDIRECT("'"&$A60&"'!W11")} -> 0 | AA60: {=INDIRECT("'"&$A60&"'!X11")} -> 0 | AB60: {=INDIRECT("'"&$A60&"'!Y11")} -> 0 | AC60: {=INDIRECT("'"&$A60&"'!Z11")} -> 0 | AD60: {=INDIRECT("'"&$A60&"'!AA11")} -> 0 | AE60: {=INDIRECT("'"&$A60&"'!J3")} -> 0 | AF60: {=INDIRECT("'"&$A60&"'!AC1")}
A61: 20 | C61: {=CONCATENATE("分 ",INDIRECT("'"&$A60&"'!D6"))} -> 分 0 | D61: 3队 | E61: {=INDIRECT("'"&$A60&"'!I4")} -> 18 | F61: {=INDIRECT("'"&$A61&"'!C14")} -> 0 | G61: {=INDIRECT("'"&$A61&"'!D14")} -> 0 | H61: {=INDIRECT("'"&$A61&"'!E14")} -> 0 | I61: {=INDIRECT("'"&$A61&"'!F14")} -> 0 | J61: {=INDIRECT("'"&$A61&"'!G14")} -> 0 | K61: {=INDIRECT("'"&$A61&"'!H14")} -> 0 | L61: {=INDIRECT("'"&$A61&"'!I14")} -> 0 | M61: {=INDIRECT("'"&$A61&"'!J14")} -> 0 | N61: {=INDIRECT("'"&$A61&"'!K14")} -> 0 | O61: {=INDIRECT("'"&$A61&"'!L14")} -> 0 | P61: {=INDIRECT("'"&$A61&"'!M14")} -> 0 | Q61: {=INDIRECT("'"&$A61&"'!N14")} -> 0 | R61: {=INDIRECT("'"&$A61&"'!O14")} -> 0 | S61: {=INDIRECT("'"&$A61&"'!P14")} -> 0 | T61: {=INDIRECT("'"&$A61&"'!Q14")} -> 0 | U61: {=INDIRECT("'"&$A61&"'!R14")} -> 0 | V61: {=INDIRECT("'"&$A61&"'!S14")} -> 0 | W61: {=INDIRECT("'"&$A61&"'!T14")} -> 0 | X61: {=INDIRECT("'"&$A61&"'!U14")} -> 0 | Y61: {=INDIRECT("'"&$A61&"'!V14")} -> 0 | Z61: {=INDIRECT("'"&$A61&"'!W14")} -> 0 | AA61: {=INDIRECT("'"&$A61&"'!X14")} -> 0 | AB61: {=INDIRECT("'"&$A61&"'!Y14")} -> 0 | AC61: {=INDIRECT("'"&$A61&"'!Z14")} -> 0 | AD61: {=INDIRECT("'"&$A61&"'!AA14")} -> 0 | AE61: {=INDIRECT("'"&$A60&"'!J4")} -> 0
A62: 21 | B62: =INDEX(data!$I$2:$I$91,MATCH(A62*1,data!$G$2:$G$91,0)) -> 46205 | C62: =HYPERLINK("#'" & A62 & "'!A1", "编辑") -> 编辑 | D62: 1队 | E62: {=INDIRECT("'"&$A63&"'!I2")} -> 18 | F62: {=INDIRECT("'"&$A62&"'!C8")} -> 0 | G62: {=INDIRECT("'"&$A62&"'!D8")} -> 0 | H62: {=INDIRECT("'"&$A62&"'!E8")} -> 0 | I62: {=INDIRECT("'"&$A62&"'!F8")} -> 0 | J62: {=INDIRECT("'"&$A62&"'!G8")} -> 0 | K62: {=INDIRECT("'"&$A62&"'!H8")} -> 0 | L62: {=INDIRECT("'"&$A62&"'!I8")} -> 0 | M62: {=INDIRECT("'"&$A62&"'!J8")} -> 0 | N62: {=INDIRECT("'"&$A62&"'!K8")} -> 0 | O62: {=INDIRECT("'"&$A62&"'!L8")} -> 0 | P62: {=INDIRECT("'"&$A62&"'!M8")} -> 0 | Q62: {=INDIRECT("'"&$A62&"'!N8")} -> 0 | R62: {=INDIRECT("'"&$A62&"'!O8")} -> 0 | S62: {=INDIRECT("'"&$A62&"'!P8")} -> 0 | T62: {=INDIRECT("'"&$A62&"'!Q8")} -> 0 | U62: {=INDIRECT("'"&$A62&"'!R8")} -> 0 | V62: {=INDIRECT("'"&$A62&"'!S8")} -> 0 | W62: {=INDIRECT("'"&$A62&"'!T8")} -> 0 | X62: {=INDIRECT("'"&$A62&"'!U8")} -> 0 | Y62: {=INDIRECT("'"&$A62&"'!V8")} -> 0 | Z62: {=INDIRECT("'"&$A62&"'!W8")} -> 0 | AA62: {=INDIRECT("'"&$A62&"'!X8")} -> 0 | AB62: {=INDIRECT("'"&$A62&"'!Y8")} -> 0 | AC62: {=INDIRECT("'"&$A62&"'!Z8")} -> 0 | AD62: {=INDIRECT("'"&$A62&"'!AA8")} -> 0 | AE62: {=INDIRECT("'"&$A63&"'!J2")} -> 0 | AF62: {=INDIRECT("'"&$A63&"'!AD1")}
A63: 21 | C63: {=CONCATENATE("粮 ",INDIRECT("'"&$A63&"'!D4"))} -> 粮 38800 | D63: 2队 | E63: {=INDIRECT("'"&$A63&"'!I3")} -> 18 | F63: {=INDIRECT("'"&$A63&"'!C11")} -> 0 | G63: {=INDIRECT("'"&$A63&"'!D11")} -> 0 | H63: {=INDIRECT("'"&$A63&"'!E11")} -> 0 | I63: {=INDIRECT("'"&$A63&"'!F11")} -> 0 | J63: {=INDIRECT("'"&$A63&"'!G11")} -> 0 | K63: {=INDIRECT("'"&$A63&"'!H11")} -> 0 | L63: {=INDIRECT("'"&$A63&"'!I11")} -> 0 | M63: {=INDIRECT("'"&$A63&"'!J11")} -> 0 | N63: {=INDIRECT("'"&$A63&"'!K11")} -> 0 | O63: {=INDIRECT("'"&$A63&"'!L11")} -> 0 | P63: {=INDIRECT("'"&$A63&"'!M11")} -> 0 | Q63: {=INDIRECT("'"&$A63&"'!N11")} -> 0 | R63: {=INDIRECT("'"&$A63&"'!O11")} -> 0 | S63: {=INDIRECT("'"&$A63&"'!P11")} -> 0 | T63: {=INDIRECT("'"&$A63&"'!Q11")} -> 0 | U63: {=INDIRECT("'"&$A63&"'!R11")} -> 0 | V63: {=INDIRECT("'"&$A63&"'!S11")} -> 0 | W63: {=INDIRECT("'"&$A63&"'!T11")} -> 0 | X63: {=INDIRECT("'"&$A63&"'!U11")} -> 0 | Y63: {=INDIRECT("'"&$A63&"'!V11")} -> 0 | Z63: {=INDIRECT("'"&$A63&"'!W11")} -> 0 | AA63: {=INDIRECT("'"&$A63&"'!X11")} -> 0 | AB63: {=INDIRECT("'"&$A63&"'!Y11")} -> 0 | AC63: {=INDIRECT("'"&$A63&"'!Z11")} -> 0 | AD63: {=INDIRECT("'"&$A63&"'!AA11")} -> 0 | AE63: {=INDIRECT("'"&$A63&"'!J3")} -> 0 | AF63: {=INDIRECT("'"&$A63&"'!AC1")}
A64: 21 | C64: {=CONCATENATE("分 ",INDIRECT("'"&$A63&"'!D6"))} -> 分 0 | D64: 3队 | E64: {=INDIRECT("'"&$A63&"'!I4")} -> 18 | F64: {=INDIRECT("'"&$A64&"'!C14")} -> 0 | G64: {=INDIRECT("'"&$A64&"'!D14")} -> 0 | H64: {=INDIRECT("'"&$A64&"'!E14")} -> 0 | I64: {=INDIRECT("'"&$A64&"'!F14")} -> 0 | J64: {=INDIRECT("'"&$A64&"'!G14")} -> 0 | K64: {=INDIRECT("'"&$A64&"'!H14")} -> 0 | L64: {=INDIRECT("'"&$A64&"'!I14")} -> 0 | M64: {=INDIRECT("'"&$A64&"'!J14")} -> 0 | N64: {=INDIRECT("'"&$A64&"'!K14")} -> 0 | O64: {=INDIRECT("'"&$A64&"'!L14")} -> 0 | P64: {=INDIRECT("'"&$A64&"'!M14")} -> 0 | Q64: {=INDIRECT("'"&$A64&"'!N14")} -> 0 | R64: {=INDIRECT("'"&$A64&"'!O14")} -> 0 | S64: {=INDIRECT("'"&$A64&"'!P14")} -> 0 | T64: {=INDIRECT("'"&$A64&"'!Q14")} -> 0 | U64: {=INDIRECT("'"&$A64&"'!R14")} -> 0 | V64: {=INDIRECT("'"&$A64&"'!S14")} -> 0 | W64: {=INDIRECT("'"&$A64&"'!T14")} -> 0 | X64: {=INDIRECT("'"&$A64&"'!U14")} -> 0 | Y64: {=INDIRECT("'"&$A64&"'!V14")} -> 0 | Z64: {=INDIRECT("'"&$A64&"'!W14")} -> 0 | AA64: {=INDIRECT("'"&$A64&"'!X14")} -> 0 | AB64: {=INDIRECT("'"&$A64&"'!Y14")} -> 0 | AC64: {=INDIRECT("'"&$A64&"'!Z14")} -> 0 | AD64: {=INDIRECT("'"&$A64&"'!AA14")} -> 0 | AE64: {=INDIRECT("'"&$A63&"'!J4")} -> 0
A65: 22 | B65: =INDEX(data!$I$2:$I$91,MATCH(A65*1,data!$G$2:$G$91,0)) -> 46206 | C65: =HYPERLINK("#'" & A65 & "'!A1", "编辑") -> 编辑 | D65: 1队 | E65: {=INDIRECT("'"&$A66&"'!I2")} -> 18 | F65: {=INDIRECT("'"&$A65&"'!C8")} -> 0 | G65: {=INDIRECT("'"&$A65&"'!D8")} -> 0 | H65: {=INDIRECT("'"&$A65&"'!E8")} -> 0 | I65: {=INDIRECT("'"&$A65&"'!F8")} -> 0 | J65: {=INDIRECT("'"&$A65&"'!G8")} -> 0 | K65: {=INDIRECT("'"&$A65&"'!H8")} -> 0 | L65: {=INDIRECT("'"&$A65&"'!I8")} -> 0 | M65: {=INDIRECT("'"&$A65&"'!J8")} -> 0 | N65: {=INDIRECT("'"&$A65&"'!K8")} -> 0 | O65: {=INDIRECT("'"&$A65&"'!L8")} -> 0 | P65: {=INDIRECT("'"&$A65&"'!M8")} -> 0 | Q65: {=INDIRECT("'"&$A65&"'!N8")} -> 0 | R65: {=INDIRECT("'"&$A65&"'!O8")} -> 0 | S65: {=INDIRECT("'"&$A65&"'!P8")} -> 0 | T65: {=INDIRECT("'"&$A65&"'!Q8")} -> 0 | U65: {=INDIRECT("'"&$A65&"'!R8")} -> 0 | V65: {=INDIRECT("'"&$A65&"'!S8")} -> 0 | W65: {=INDIRECT("'"&$A65&"'!T8")} -> 0 | X65: {=INDIRECT("'"&$A65&"'!U8")} -> 0 | Y65: {=INDIRECT("'"&$A65&"'!V8")} -> 0 | Z65: {=INDIRECT("'"&$A65&"'!W8")} -> 0 | AA65: {=INDIRECT("'"&$A65&"'!X8")} -> 0 | AB65: {=INDIRECT("'"&$A65&"'!Y8")} -> 0 | AC65: {=INDIRECT("'"&$A65&"'!Z8")} -> 0 | AD65: {=INDIRECT("'"&$A65&"'!AA8")} -> 0 | AE65: {=INDIRECT("'"&$A66&"'!J2")} -> 0 | AF65: {=INDIRECT("'"&$A66&"'!AD1")}
A66: 22 | C66: {=CONCATENATE("粮 ",INDIRECT("'"&$A66&"'!D4"))} -> 粮 40400 | D66: 2队 | E66: {=INDIRECT("'"&$A66&"'!I3")} -> 18 | F66: {=INDIRECT("'"&$A66&"'!C11")} -> 0 | G66: {=INDIRECT("'"&$A66&"'!D11")} -> 0 | H66: {=INDIRECT("'"&$A66&"'!E11")} -> 0 | I66: {=INDIRECT("'"&$A66&"'!F11")} -> 0 | J66: {=INDIRECT("'"&$A66&"'!G11")} -> 0 | K66: {=INDIRECT("'"&$A66&"'!H11")} -> 0 | L66: {=INDIRECT("'"&$A66&"'!I11")} -> 0 | M66: {=INDIRECT("'"&$A66&"'!J11")} -> 0 | N66: {=INDIRECT("'"&$A66&"'!K11")} -> 0 | O66: {=INDIRECT("'"&$A66&"'!L11")} -> 0 | P66: {=INDIRECT("'"&$A66&"'!M11")} -> 0 | Q66: {=INDIRECT("'"&$A66&"'!N11")} -> 0 | R66: {=INDIRECT("'"&$A66&"'!O11")} -> 0 | S66: {=INDIRECT("'"&$A66&"'!P11")} -> 0 | T66: {=INDIRECT("'"&$A66&"'!Q11")} -> 0 | U66: {=INDIRECT("'"&$A66&"'!R11")} -> 0 | V66: {=INDIRECT("'"&$A66&"'!S11")} -> 0 | W66: {=INDIRECT("'"&$A66&"'!T11")} -> 0 | X66: {=INDIRECT("'"&$A66&"'!U11")} -> 0 | Y66: {=INDIRECT("'"&$A66&"'!V11")} -> 0 | Z66: {=INDIRECT("'"&$A66&"'!W11")} -> 0 | AA66: {=INDIRECT("'"&$A66&"'!X11")} -> 0 | AB66: {=INDIRECT("'"&$A66&"'!Y11")} -> 0 | AC66: {=INDIRECT("'"&$A66&"'!Z11")} -> 0 | AD66: {=INDIRECT("'"&$A66&"'!AA11")} -> 0 | AE66: {=INDIRECT("'"&$A66&"'!J3")} -> 0 | AF66: {=INDIRECT("'"&$A66&"'!AC1")}
A67: 22 | C67: {=CONCATENATE("分 ",INDIRECT("'"&$A66&"'!D6"))} -> 分 0 | D67: 3队 | E67: {=INDIRECT("'"&$A66&"'!I4")} -> 18 | F67: {=INDIRECT("'"&$A67&"'!C14")} -> 0 | G67: {=INDIRECT("'"&$A67&"'!D14")} -> 0 | H67: {=INDIRECT("'"&$A67&"'!E14")} -> 0 | I67: {=INDIRECT("'"&$A67&"'!F14")} -> 0 | J67: {=INDIRECT("'"&$A67&"'!G14")} -> 0 | K67: {=INDIRECT("'"&$A67&"'!H14")} -> 0 | L67: {=INDIRECT("'"&$A67&"'!I14")} -> 0 | M67: {=INDIRECT("'"&$A67&"'!J14")} -> 0 | N67: {=INDIRECT("'"&$A67&"'!K14")} -> 0 | O67: {=INDIRECT("'"&$A67&"'!L14")} -> 0 | P67: {=INDIRECT("'"&$A67&"'!M14")} -> 0 | Q67: {=INDIRECT("'"&$A67&"'!N14")} -> 0 | R67: {=INDIRECT("'"&$A67&"'!O14")} -> 0 | S67: {=INDIRECT("'"&$A67&"'!P14")} -> 0 | T67: {=INDIRECT("'"&$A67&"'!Q14")} -> 0 | U67: {=INDIRECT("'"&$A67&"'!R14")} -> 0 | V67: {=INDIRECT("'"&$A67&"'!S14")} -> 0 | W67: {=INDIRECT("'"&$A67&"'!T14")} -> 0 | X67: {=INDIRECT("'"&$A67&"'!U14")} -> 0 | Y67: {=INDIRECT("'"&$A67&"'!V14")} -> 0 | Z67: {=INDIRECT("'"&$A67&"'!W14")} -> 0 | AA67: {=INDIRECT("'"&$A67&"'!X14")} -> 0 | AB67: {=INDIRECT("'"&$A67&"'!Y14")} -> 0 | AC67: {=INDIRECT("'"&$A67&"'!Z14")} -> 0 | AD67: {=INDIRECT("'"&$A67&"'!AA14")} -> 0 | AE67: {=INDIRECT("'"&$A66&"'!J4")} -> 0
A68: 23 | B68: =INDEX(data!$I$2:$I$91,MATCH(A68*1,data!$G$2:$G$91,0)) -> 46207 | C68: =HYPERLINK("#'" & A68 & "'!A1", "编辑") -> 编辑 | D68: 1队 | E68: {=INDIRECT("'"&$A69&"'!I2")} -> 18 | F68: {=INDIRECT("'"&$A68&"'!C8")} -> 0 | G68: {=INDIRECT("'"&$A68&"'!D8")} -> 0 | H68: {=INDIRECT("'"&$A68&"'!E8")} -> 0 | I68: {=INDIRECT("'"&$A68&"'!F8")} -> 0 | J68: {=INDIRECT("'"&$A68&"'!G8")} -> 0 | K68: {=INDIRECT("'"&$A68&"'!H8")} -> 0 | L68: {=INDIRECT("'"&$A68&"'!I8")} -> 0 | M68: {=INDIRECT("'"&$A68&"'!J8")} -> 0 | N68: {=INDIRECT("'"&$A68&"'!K8")} -> 0 | O68: {=INDIRECT("'"&$A68&"'!L8")} -> 0 | P68: {=INDIRECT("'"&$A68&"'!M8")} -> 0 | Q68: {=INDIRECT("'"&$A68&"'!N8")} -> 0 | R68: {=INDIRECT("'"&$A68&"'!O8")} -> 0 | S68: {=INDIRECT("'"&$A68&"'!P8")} -> 0 | T68: {=INDIRECT("'"&$A68&"'!Q8")} -> 0 | U68: {=INDIRECT("'"&$A68&"'!R8")} -> 0 | V68: {=INDIRECT("'"&$A68&"'!S8")} -> 0 | W68: {=INDIRECT("'"&$A68&"'!T8")} -> 0 | X68: {=INDIRECT("'"&$A68&"'!U8")} -> 0 | Y68: {=INDIRECT("'"&$A68&"'!V8")} -> 0 | Z68: {=INDIRECT("'"&$A68&"'!W8")} -> 0 | AA68: {=INDIRECT("'"&$A68&"'!X8")} -> 0 | AB68: {=INDIRECT("'"&$A68&"'!Y8")} -> 0 | AC68: {=INDIRECT("'"&$A68&"'!Z8")} -> 0 | AD68: {=INDIRECT("'"&$A68&"'!AA8")} -> 0 | AE68: {=INDIRECT("'"&$A69&"'!J2")} -> 0 | AF68: {=INDIRECT("'"&$A69&"'!AD1")}
A69: 23 | C69: {=CONCATENATE("粮 ",INDIRECT("'"&$A69&"'!D4"))} -> 粮 42000 | D69: 2队 | E69: {=INDIRECT("'"&$A69&"'!I3")} -> 18 | F69: {=INDIRECT("'"&$A69&"'!C11")} -> 0 | G69: {=INDIRECT("'"&$A69&"'!D11")} -> 0 | H69: {=INDIRECT("'"&$A69&"'!E11")} -> 0 | I69: {=INDIRECT("'"&$A69&"'!F11")} -> 0 | J69: {=INDIRECT("'"&$A69&"'!G11")} -> 0 | K69: {=INDIRECT("'"&$A69&"'!H11")} -> 0 | L69: {=INDIRECT("'"&$A69&"'!I11")} -> 0 | M69: {=INDIRECT("'"&$A69&"'!J11")} -> 0 | N69: {=INDIRECT("'"&$A69&"'!K11")} -> 0 | O69: {=INDIRECT("'"&$A69&"'!L11")} -> 0 | P69: {=INDIRECT("'"&$A69&"'!M11")} -> 0 | Q69: {=INDIRECT("'"&$A69&"'!N11")} -> 0 | R69: {=INDIRECT("'"&$A69&"'!O11")} -> 0 | S69: {=INDIRECT("'"&$A69&"'!P11")} -> 0 | T69: {=INDIRECT("'"&$A69&"'!Q11")} -> 0 | U69: {=INDIRECT("'"&$A69&"'!R11")} -> 0 | V69: {=INDIRECT("'"&$A69&"'!S11")} -> 0 | W69: {=INDIRECT("'"&$A69&"'!T11")} -> 0 | X69: {=INDIRECT("'"&$A69&"'!U11")} -> 0 | Y69: {=INDIRECT("'"&$A69&"'!V11")} -> 0 | Z69: {=INDIRECT("'"&$A69&"'!W11")} -> 0 | AA69: {=INDIRECT("'"&$A69&"'!X11")} -> 0 | AB69: {=INDIRECT("'"&$A69&"'!Y11")} -> 0 | AC69: {=INDIRECT("'"&$A69&"'!Z11")} -> 0 | AD69: {=INDIRECT("'"&$A69&"'!AA11")} -> 0 | AE69: {=INDIRECT("'"&$A69&"'!J3")} -> 0 | AF69: {=INDIRECT("'"&$A69&"'!AC1")}
A70: 23 | C70: {=CONCATENATE("分 ",INDIRECT("'"&$A69&"'!D6"))} -> 分 0 | D70: 3队 | E70: {=INDIRECT("'"&$A69&"'!I4")} -> 18 | F70: {=INDIRECT("'"&$A70&"'!C14")} -> 0 | G70: {=INDIRECT("'"&$A70&"'!D14")} -> 0 | H70: {=INDIRECT("'"&$A70&"'!E14")} -> 0 | I70: {=INDIRECT("'"&$A70&"'!F14")} -> 0 | J70: {=INDIRECT("'"&$A70&"'!G14")} -> 0 | K70: {=INDIRECT("'"&$A70&"'!H14")} -> 0 | L70: {=INDIRECT("'"&$A70&"'!I14")} -> 0 | M70: {=INDIRECT("'"&$A70&"'!J14")} -> 0 | N70: {=INDIRECT("'"&$A70&"'!K14")} -> 0 | O70: {=INDIRECT("'"&$A70&"'!L14")} -> 0 | P70: {=INDIRECT("'"&$A70&"'!M14")} -> 0 | Q70: {=INDIRECT("'"&$A70&"'!N14")} -> 0 | R70: {=INDIRECT("'"&$A70&"'!O14")} -> 0 | S70: {=INDIRECT("'"&$A70&"'!P14")} -> 0 | T70: {=INDIRECT("'"&$A70&"'!Q14")} -> 0 | U70: {=INDIRECT("'"&$A70&"'!R14")} -> 0 | V70: {=INDIRECT("'"&$A70&"'!S14")} -> 0 | W70: {=INDIRECT("'"&$A70&"'!T14")} -> 0 | X70: {=INDIRECT("'"&$A70&"'!U14")} -> 0 | Y70: {=INDIRECT("'"&$A70&"'!V14")} -> 0 | Z70: {=INDIRECT("'"&$A70&"'!W14")} -> 0 | AA70: {=INDIRECT("'"&$A70&"'!X14")} -> 0 | AB70: {=INDIRECT("'"&$A70&"'!Y14")} -> 0 | AC70: {=INDIRECT("'"&$A70&"'!Z14")} -> 0 | AD70: {=INDIRECT("'"&$A70&"'!AA14")} -> 0 | AE70: {=INDIRECT("'"&$A69&"'!J4")} -> 0
A71: 24 | B71: =INDEX(data!$I$2:$I$91,MATCH(A71*1,data!$G$2:$G$91,0)) -> 46208 | C71: =HYPERLINK("#'" & A71 & "'!A1", "编辑") -> 编辑 | D71: 1队 | E71: {=INDIRECT("'"&$A72&"'!I2")} -> 18 | F71: {=INDIRECT("'"&$A71&"'!C8")} -> 0 | G71: {=INDIRECT("'"&$A71&"'!D8")} -> 0 | H71: {=INDIRECT("'"&$A71&"'!E8")} -> 0 | I71: {=INDIRECT("'"&$A71&"'!F8")} -> 0 | J71: {=INDIRECT("'"&$A71&"'!G8")} -> 0 | K71: {=INDIRECT("'"&$A71&"'!H8")} -> 0 | L71: {=INDIRECT("'"&$A71&"'!I8")} -> 0 | M71: {=INDIRECT("'"&$A71&"'!J8")} -> 0 | N71: {=INDIRECT("'"&$A71&"'!K8")} -> 0 | O71: {=INDIRECT("'"&$A71&"'!L8")} -> 0 | P71: {=INDIRECT("'"&$A71&"'!M8")} -> 0 | Q71: {=INDIRECT("'"&$A71&"'!N8")} -> 0 | R71: {=INDIRECT("'"&$A71&"'!O8")} -> 0 | S71: {=INDIRECT("'"&$A71&"'!P8")} -> 0 | T71: {=INDIRECT("'"&$A71&"'!Q8")} -> 0 | U71: {=INDIRECT("'"&$A71&"'!R8")} -> 0 | V71: {=INDIRECT("'"&$A71&"'!S8")} -> 0 | W71: {=INDIRECT("'"&$A71&"'!T8")} -> 0 | X71: {=INDIRECT("'"&$A71&"'!U8")} -> 0 | Y71: {=INDIRECT("'"&$A71&"'!V8")} -> 0 | Z71: {=INDIRECT("'"&$A71&"'!W8")} -> 0 | AA71: {=INDIRECT("'"&$A71&"'!X8")} -> 0 | AB71: {=INDIRECT("'"&$A71&"'!Y8")} -> 0 | AC71: {=INDIRECT("'"&$A71&"'!Z8")} -> 0 | AD71: {=INDIRECT("'"&$A71&"'!AA8")} -> 0 | AE71: {=INDIRECT("'"&$A72&"'!J2")} -> 0 | AF71: {=INDIRECT("'"&$A72&"'!AD1")}
A72: 24 | C72: {=CONCATENATE("粮 ",INDIRECT("'"&$A72&"'!D4"))} -> 粮 43600 | D72: 2队 | E72: {=INDIRECT("'"&$A72&"'!I3")} -> 18 | F72: {=INDIRECT("'"&$A72&"'!C11")} -> 0 | G72: {=INDIRECT("'"&$A72&"'!D11")} -> 0 | H72: {=INDIRECT("'"&$A72&"'!E11")} -> 0 | I72: {=INDIRECT("'"&$A72&"'!F11")} -> 0 | J72: {=INDIRECT("'"&$A72&"'!G11")} -> 0 | K72: {=INDIRECT("'"&$A72&"'!H11")} -> 0 | L72: {=INDIRECT("'"&$A72&"'!I11")} -> 0 | M72: {=INDIRECT("'"&$A72&"'!J11")} -> 0 | N72: {=INDIRECT("'"&$A72&"'!K11")} -> 0 | O72: {=INDIRECT("'"&$A72&"'!L11")} -> 0 | P72: {=INDIRECT("'"&$A72&"'!M11")} -> 0 | Q72: {=INDIRECT("'"&$A72&"'!N11")} -> 0 | R72: {=INDIRECT("'"&$A72&"'!O11")} -> 0 | S72: {=INDIRECT("'"&$A72&"'!P11")} -> 0 | T72: {=INDIRECT("'"&$A72&"'!Q11")} -> 0 | U72: {=INDIRECT("'"&$A72&"'!R11")} -> 0 | V72: {=INDIRECT("'"&$A72&"'!S11")} -> 0 | W72: {=INDIRECT("'"&$A72&"'!T11")} -> 0 | X72: {=INDIRECT("'"&$A72&"'!U11")} -> 0 | Y72: {=INDIRECT("'"&$A72&"'!V11")} -> 0 | Z72: {=INDIRECT("'"&$A72&"'!W11")} -> 0 | AA72: {=INDIRECT("'"&$A72&"'!X11")} -> 0 | AB72: {=INDIRECT("'"&$A72&"'!Y11")} -> 0 | AC72: {=INDIRECT("'"&$A72&"'!Z11")} -> 0 | AD72: {=INDIRECT("'"&$A72&"'!AA11")} -> 0 | AE72: {=INDIRECT("'"&$A72&"'!J3")} -> 0 | AF72: {=INDIRECT("'"&$A72&"'!AC1")}
A73: 24 | C73: {=CONCATENATE("分 ",INDIRECT("'"&$A72&"'!D6"))} -> 分 0 | D73: 3队 | E73: {=INDIRECT("'"&$A72&"'!I4")} -> 18 | F73: {=INDIRECT("'"&$A73&"'!C14")} -> 0 | G73: {=INDIRECT("'"&$A73&"'!D14")} -> 0 | H73: {=INDIRECT("'"&$A73&"'!E14")} -> 0 | I73: {=INDIRECT("'"&$A73&"'!F14")} -> 0 | J73: {=INDIRECT("'"&$A73&"'!G14")} -> 0 | K73: {=INDIRECT("'"&$A73&"'!H14")} -> 0 | L73: {=INDIRECT("'"&$A73&"'!I14")} -> 0 | M73: {=INDIRECT("'"&$A73&"'!J14")} -> 0 | N73: {=INDIRECT("'"&$A73&"'!K14")} -> 0 | O73: {=INDIRECT("'"&$A73&"'!L14")} -> 0 | P73: {=INDIRECT("'"&$A73&"'!M14")} -> 0 | Q73: {=INDIRECT("'"&$A73&"'!N14")} -> 0 | R73: {=INDIRECT("'"&$A73&"'!O14")} -> 0 | S73: {=INDIRECT("'"&$A73&"'!P14")} -> 0 | T73: {=INDIRECT("'"&$A73&"'!Q14")} -> 0 | U73: {=INDIRECT("'"&$A73&"'!R14")} -> 0 | V73: {=INDIRECT("'"&$A73&"'!S14")} -> 0 | W73: {=INDIRECT("'"&$A73&"'!T14")} -> 0 | X73: {=INDIRECT("'"&$A73&"'!U14")} -> 0 | Y73: {=INDIRECT("'"&$A73&"'!V14")} -> 0 | Z73: {=INDIRECT("'"&$A73&"'!W14")} -> 0 | AA73: {=INDIRECT("'"&$A73&"'!X14")} -> 0 | AB73: {=INDIRECT("'"&$A73&"'!Y14")} -> 0 | AC73: {=INDIRECT("'"&$A73&"'!Z14")} -> 0 | AD73: {=INDIRECT("'"&$A73&"'!AA14")} -> 0 | AE73: {=INDIRECT("'"&$A72&"'!J4")} -> 0
A74: 25 | B74: =INDEX(data!$I$2:$I$91,MATCH(A74*1,data!$G$2:$G$91,0)) -> 46209 | C74: =HYPERLINK("#'" & A74 & "'!A1", "编辑") -> 编辑 | D74: 1队 | E74: {=INDIRECT("'"&$A75&"'!I2")} -> 18 | F74: {=INDIRECT("'"&$A74&"'!C8")} -> 0 | G74: {=INDIRECT("'"&$A74&"'!D8")} -> 0 | H74: {=INDIRECT("'"&$A74&"'!E8")} -> 0 | I74: {=INDIRECT("'"&$A74&"'!F8")} -> 0 | J74: {=INDIRECT("'"&$A74&"'!G8")} -> 0 | K74: {=INDIRECT("'"&$A74&"'!H8")} -> 0 | L74: {=INDIRECT("'"&$A74&"'!I8")} -> 0 | M74: {=INDIRECT("'"&$A74&"'!J8")} -> 0 | N74: {=INDIRECT("'"&$A74&"'!K8")} -> 0 | O74: {=INDIRECT("'"&$A74&"'!L8")} -> 0 | P74: {=INDIRECT("'"&$A74&"'!M8")} -> 0 | Q74: {=INDIRECT("'"&$A74&"'!N8")} -> 0 | R74: {=INDIRECT("'"&$A74&"'!O8")} -> 0 | S74: {=INDIRECT("'"&$A74&"'!P8")} -> 0 | T74: {=INDIRECT("'"&$A74&"'!Q8")} -> 0 | U74: {=INDIRECT("'"&$A74&"'!R8")} -> 0 | V74: {=INDIRECT("'"&$A74&"'!S8")} -> 0 | W74: {=INDIRECT("'"&$A74&"'!T8")} -> 0 | X74: {=INDIRECT("'"&$A74&"'!U8")} -> 0 | Y74: {=INDIRECT("'"&$A74&"'!V8")} -> 0 | Z74: {=INDIRECT("'"&$A74&"'!W8")} -> 0 | AA74: {=INDIRECT("'"&$A74&"'!X8")} -> 0 | AB74: {=INDIRECT("'"&$A74&"'!Y8")} -> 0 | AC74: {=INDIRECT("'"&$A74&"'!Z8")} -> 0 | AD74: {=INDIRECT("'"&$A74&"'!AA8")} -> 0 | AE74: {=INDIRECT("'"&$A75&"'!J2")} -> 0 | AF74: {=INDIRECT("'"&$A75&"'!AD1")}
A75: 25 | C75: {=CONCATENATE("粮 ",INDIRECT("'"&$A75&"'!D4"))} -> 粮 45200 | D75: 2队 | E75: {=INDIRECT("'"&$A75&"'!I3")} -> 18 | F75: {=INDIRECT("'"&$A75&"'!C11")} -> 0 | G75: {=INDIRECT("'"&$A75&"'!D11")} -> 0 | H75: {=INDIRECT("'"&$A75&"'!E11")} -> 0 | I75: {=INDIRECT("'"&$A75&"'!F11")} -> 0 | J75: {=INDIRECT("'"&$A75&"'!G11")} -> 0 | K75: {=INDIRECT("'"&$A75&"'!H11")} -> 0 | L75: {=INDIRECT("'"&$A75&"'!I11")} -> 0 | M75: {=INDIRECT("'"&$A75&"'!J11")} -> 0 | N75: {=INDIRECT("'"&$A75&"'!K11")} -> 0 | O75: {=INDIRECT("'"&$A75&"'!L11")} -> 0 | P75: {=INDIRECT("'"&$A75&"'!M11")} -> 0 | Q75: {=INDIRECT("'"&$A75&"'!N11")} -> 0 | R75: {=INDIRECT("'"&$A75&"'!O11")} -> 0 | S75: {=INDIRECT("'"&$A75&"'!P11")} -> 0 | T75: {=INDIRECT("'"&$A75&"'!Q11")} -> 0 | U75: {=INDIRECT("'"&$A75&"'!R11")} -> 0 | V75: {=INDIRECT("'"&$A75&"'!S11")} -> 0 | W75: {=INDIRECT("'"&$A75&"'!T11")} -> 0 | X75: {=INDIRECT("'"&$A75&"'!U11")} -> 0 | Y75: {=INDIRECT("'"&$A75&"'!V11")} -> 0 | Z75: {=INDIRECT("'"&$A75&"'!W11")} -> 0 | AA75: {=INDIRECT("'"&$A75&"'!X11")} -> 0 | AB75: {=INDIRECT("'"&$A75&"'!Y11")} -> 0 | AC75: {=INDIRECT("'"&$A75&"'!Z11")} -> 0 | AD75: {=INDIRECT("'"&$A75&"'!AA11")} -> 0 | AE75: {=INDIRECT("'"&$A75&"'!J3")} -> 0 | AF75: {=INDIRECT("'"&$A75&"'!AC1")}
A76: 25 | C76: {=CONCATENATE("分 ",INDIRECT("'"&$A75&"'!D6"))} -> 分 0 | D76: 3队 | E76: {=INDIRECT("'"&$A75&"'!I4")} -> 18 | F76: {=INDIRECT("'"&$A76&"'!C14")} -> 0 | G76: {=INDIRECT("'"&$A76&"'!D14")} -> 0 | H76: {=INDIRECT("'"&$A76&"'!E14")} -> 0 | I76: {=INDIRECT("'"&$A76&"'!F14")} -> 0 | J76: {=INDIRECT("'"&$A76&"'!G14")} -> 0 | K76: {=INDIRECT("'"&$A76&"'!H14")} -> 0 | L76: {=INDIRECT("'"&$A76&"'!I14")} -> 0 | M76: {=INDIRECT("'"&$A76&"'!J14")} -> 0 | N76: {=INDIRECT("'"&$A76&"'!K14")} -> 0 | O76: {=INDIRECT("'"&$A76&"'!L14")} -> 0 | P76: {=INDIRECT("'"&$A76&"'!M14")} -> 0 | Q76: {=INDIRECT("'"&$A76&"'!N14")} -> 0 | R76: {=INDIRECT("'"&$A76&"'!O14")} -> 0 | S76: {=INDIRECT("'"&$A76&"'!P14")} -> 0 | T76: {=INDIRECT("'"&$A76&"'!Q14")} -> 0 | U76: {=INDIRECT("'"&$A76&"'!R14")} -> 0 | V76: {=INDIRECT("'"&$A76&"'!S14")} -> 0 | W76: {=INDIRECT("'"&$A76&"'!T14")} -> 0 | X76: {=INDIRECT("'"&$A76&"'!U14")} -> 0 | Y76: {=INDIRECT("'"&$A76&"'!V14")} -> 0 | Z76: {=INDIRECT("'"&$A76&"'!W14")} -> 0 | AA76: {=INDIRECT("'"&$A76&"'!X14")} -> 0 | AB76: {=INDIRECT("'"&$A76&"'!Y14")} -> 0 | AC76: {=INDIRECT("'"&$A76&"'!Z14")} -> 0 | AD76: {=INDIRECT("'"&$A76&"'!AA14")} -> 0 | AE76: {=INDIRECT("'"&$A75&"'!J4")} -> 0
A77: 26 | B77: =INDEX(data!$I$2:$I$91,MATCH(A77*1,data!$G$2:$G$91,0)) -> 46210 | C77: =HYPERLINK("#'" & A77 & "'!A1", "编辑") -> 编辑 | D77: 1队 | E77: {=INDIRECT("'"&$A78&"'!I2")} -> 18 | F77: {=INDIRECT("'"&$A77&"'!C8")} -> 0 | G77: {=INDIRECT("'"&$A77&"'!D8")} -> 0 | H77: {=INDIRECT("'"&$A77&"'!E8")} -> 0 | I77: {=INDIRECT("'"&$A77&"'!F8")} -> 0 | J77: {=INDIRECT("'"&$A77&"'!G8")} -> 0 | K77: {=INDIRECT("'"&$A77&"'!H8")} -> 0 | L77: {=INDIRECT("'"&$A77&"'!I8")} -> 0 | M77: {=INDIRECT("'"&$A77&"'!J8")} -> 0 | N77: {=INDIRECT("'"&$A77&"'!K8")} -> 0 | O77: {=INDIRECT("'"&$A77&"'!L8")} -> 0 | P77: {=INDIRECT("'"&$A77&"'!M8")} -> 0 | Q77: {=INDIRECT("'"&$A77&"'!N8")} -> 0 | R77: {=INDIRECT("'"&$A77&"'!O8")} -> 0 | S77: {=INDIRECT("'"&$A77&"'!P8")} -> 0 | T77: {=INDIRECT("'"&$A77&"'!Q8")} -> 0 | U77: {=INDIRECT("'"&$A77&"'!R8")} -> 0 | V77: {=INDIRECT("'"&$A77&"'!S8")} -> 0 | W77: {=INDIRECT("'"&$A77&"'!T8")} -> 0 | X77: {=INDIRECT("'"&$A77&"'!U8")} -> 0 | Y77: {=INDIRECT("'"&$A77&"'!V8")} -> 0 | Z77: {=INDIRECT("'"&$A77&"'!W8")} -> 0 | AA77: {=INDIRECT("'"&$A77&"'!X8")} -> 0 | AB77: {=INDIRECT("'"&$A77&"'!Y8")} -> 0 | AC77: {=INDIRECT("'"&$A77&"'!Z8")} -> 0 | AD77: {=INDIRECT("'"&$A77&"'!AA8")} -> 0 | AE77: {=INDIRECT("'"&$A78&"'!J2")} -> 0 | AF77: {=INDIRECT("'"&$A78&"'!AD1")}
A78: 26 | C78: {=CONCATENATE("粮 ",INDIRECT("'"&$A78&"'!D4"))} -> 粮 46800 | D78: 2队 | E78: {=INDIRECT("'"&$A78&"'!I3")} -> 18 | F78: {=INDIRECT("'"&$A78&"'!C11")} -> 0 | G78: {=INDIRECT("'"&$A78&"'!D11")} -> 0 | H78: {=INDIRECT("'"&$A78&"'!E11")} -> 0 | I78: {=INDIRECT("'"&$A78&"'!F11")} -> 0 | J78: {=INDIRECT("'"&$A78&"'!G11")} -> 0 | K78: {=INDIRECT("'"&$A78&"'!H11")} -> 0 | L78: {=INDIRECT("'"&$A78&"'!I11")} -> 0 | M78: {=INDIRECT("'"&$A78&"'!J11")} -> 0 | N78: {=INDIRECT("'"&$A78&"'!K11")} -> 0 | O78: {=INDIRECT("'"&$A78&"'!L11")} -> 0 | P78: {=INDIRECT("'"&$A78&"'!M11")} -> 0 | Q78: {=INDIRECT("'"&$A78&"'!N11")} -> 0 | R78: {=INDIRECT("'"&$A78&"'!O11")} -> 0 | S78: {=INDIRECT("'"&$A78&"'!P11")} -> 0 | T78: {=INDIRECT("'"&$A78&"'!Q11")} -> 0 | U78: {=INDIRECT("'"&$A78&"'!R11")} -> 0 | V78: {=INDIRECT("'"&$A78&"'!S11")} -> 0 | W78: {=INDIRECT("'"&$A78&"'!T11")} -> 0 | X78: {=INDIRECT("'"&$A78&"'!U11")} -> 0 | Y78: {=INDIRECT("'"&$A78&"'!V11")} -> 0 | Z78: {=INDIRECT("'"&$A78&"'!W11")} -> 0 | AA78: {=INDIRECT("'"&$A78&"'!X11")} -> 0 | AB78: {=INDIRECT("'"&$A78&"'!Y11")} -> 0 | AC78: {=INDIRECT("'"&$A78&"'!Z11")} -> 0 | AD78: {=INDIRECT("'"&$A78&"'!AA11")} -> 0 | AE78: {=INDIRECT("'"&$A78&"'!J3")} -> 0 | AF78: {=INDIRECT("'"&$A78&"'!AC1")}
A79: 26 | C79: {=CONCATENATE("分 ",INDIRECT("'"&$A78&"'!D6"))} -> 分 0 | D79: 3队 | E79: {=INDIRECT("'"&$A78&"'!I4")} -> 18 | F79: {=INDIRECT("'"&$A79&"'!C14")} -> 0 | G79: {=INDIRECT("'"&$A79&"'!D14")} -> 0 | H79: {=INDIRECT("'"&$A79&"'!E14")} -> 0 | I79: {=INDIRECT("'"&$A79&"'!F14")} -> 0 | J79: {=INDIRECT("'"&$A79&"'!G14")} -> 0 | K79: {=INDIRECT("'"&$A79&"'!H14")} -> 0 | L79: {=INDIRECT("'"&$A79&"'!I14")} -> 0 | M79: {=INDIRECT("'"&$A79&"'!J14")} -> 0 | N79: {=INDIRECT("'"&$A79&"'!K14")} -> 0 | O79: {=INDIRECT("'"&$A79&"'!L14")} -> 0 | P79: {=INDIRECT("'"&$A79&"'!M14")} -> 0 | Q79: {=INDIRECT("'"&$A79&"'!N14")} -> 0 | R79: {=INDIRECT("'"&$A79&"'!O14")} -> 0 | S79: {=INDIRECT("'"&$A79&"'!P14")} -> 0 | T79: {=INDIRECT("'"&$A79&"'!Q14")} -> 0 | U79: {=INDIRECT("'"&$A79&"'!R14")} -> 0 | V79: {=INDIRECT("'"&$A79&"'!S14")} -> 0 | W79: {=INDIRECT("'"&$A79&"'!T14")} -> 0 | X79: {=INDIRECT("'"&$A79&"'!U14")} -> 0 | Y79: {=INDIRECT("'"&$A79&"'!V14")} -> 0 | Z79: {=INDIRECT("'"&$A79&"'!W14")} -> 0 | AA79: {=INDIRECT("'"&$A79&"'!X14")} -> 0 | AB79: {=INDIRECT("'"&$A79&"'!Y14")} -> 0 | AC79: {=INDIRECT("'"&$A79&"'!Z14")} -> 0 | AD79: {=INDIRECT("'"&$A79&"'!AA14")} -> 0 | AE79: {=INDIRECT("'"&$A78&"'!J4")} -> 0
A80: 27 | B80: =INDEX(data!$I$2:$I$91,MATCH(A80*1,data!$G$2:$G$91,0)) -> 46211 | C80: =HYPERLINK("#'" & A80 & "'!A1", "编辑") -> 编辑 | D80: 1队 | E80: {=INDIRECT("'"&$A81&"'!I2")} -> 18 | F80: {=INDIRECT("'"&$A80&"'!C8")} -> 0 | G80: {=INDIRECT("'"&$A80&"'!D8")} -> 0 | H80: {=INDIRECT("'"&$A80&"'!E8")} -> 0 | I80: {=INDIRECT("'"&$A80&"'!F8")} -> 0 | J80: {=INDIRECT("'"&$A80&"'!G8")} -> 0 | K80: {=INDIRECT("'"&$A80&"'!H8")} -> 0 | L80: {=INDIRECT("'"&$A80&"'!I8")} -> 0 | M80: {=INDIRECT("'"&$A80&"'!J8")} -> 0 | N80: {=INDIRECT("'"&$A80&"'!K8")} -> 0 | O80: {=INDIRECT("'"&$A80&"'!L8")} -> 0 | P80: {=INDIRECT("'"&$A80&"'!M8")} -> 0 | Q80: {=INDIRECT("'"&$A80&"'!N8")} -> 0 | R80: {=INDIRECT("'"&$A80&"'!O8")} -> 0 | S80: {=INDIRECT("'"&$A80&"'!P8")} -> 0 | T80: {=INDIRECT("'"&$A80&"'!Q8")} -> 0 | U80: {=INDIRECT("'"&$A80&"'!R8")} -> 0 | V80: {=INDIRECT("'"&$A80&"'!S8")} -> 0 | W80: {=INDIRECT("'"&$A80&"'!T8")} -> 0 | X80: {=INDIRECT("'"&$A80&"'!U8")} -> 0 | Y80: {=INDIRECT("'"&$A80&"'!V8")} -> 0 | Z80: {=INDIRECT("'"&$A80&"'!W8")} -> 0 | AA80: {=INDIRECT("'"&$A80&"'!X8")} -> 0 | AB80: {=INDIRECT("'"&$A80&"'!Y8")} -> 0 | AC80: {=INDIRECT("'"&$A80&"'!Z8")} -> 0 | AD80: {=INDIRECT("'"&$A80&"'!AA8")} -> 0 | AE80: {=INDIRECT("'"&$A81&"'!J2")} -> 0 | AF80: {=INDIRECT("'"&$A81&"'!AD1")}
A81: 27 | C81: {=CONCATENATE("粮 ",INDIRECT("'"&$A81&"'!D4"))} -> 粮 48400 | D81: 2队 | E81: {=INDIRECT("'"&$A81&"'!I3")} -> 18 | F81: {=INDIRECT("'"&$A81&"'!C11")} -> 0 | G81: {=INDIRECT("'"&$A81&"'!D11")} -> 0 | H81: {=INDIRECT("'"&$A81&"'!E11")} -> 0 | I81: {=INDIRECT("'"&$A81&"'!F11")} -> 0 | J81: {=INDIRECT("'"&$A81&"'!G11")} -> 0 | K81: {=INDIRECT("'"&$A81&"'!H11")} -> 0 | L81: {=INDIRECT("'"&$A81&"'!I11")} -> 0 | M81: {=INDIRECT("'"&$A81&"'!J11")} -> 0 | N81: {=INDIRECT("'"&$A81&"'!K11")} -> 0 | O81: {=INDIRECT("'"&$A81&"'!L11")} -> 0 | P81: {=INDIRECT("'"&$A81&"'!M11")} -> 0 | Q81: {=INDIRECT("'"&$A81&"'!N11")} -> 0 | R81: {=INDIRECT("'"&$A81&"'!O11")} -> 0 | S81: {=INDIRECT("'"&$A81&"'!P11")} -> 0 | T81: {=INDIRECT("'"&$A81&"'!Q11")} -> 0 | U81: {=INDIRECT("'"&$A81&"'!R11")} -> 0 | V81: {=INDIRECT("'"&$A81&"'!S11")} -> 0 | W81: {=INDIRECT("'"&$A81&"'!T11")} -> 0 | X81: {=INDIRECT("'"&$A81&"'!U11")} -> 0 | Y81: {=INDIRECT("'"&$A81&"'!V11")} -> 0 | Z81: {=INDIRECT("'"&$A81&"'!W11")} -> 0 | AA81: {=INDIRECT("'"&$A81&"'!X11")} -> 0 | AB81: {=INDIRECT("'"&$A81&"'!Y11")} -> 0 | AC81: {=INDIRECT("'"&$A81&"'!Z11")} -> 0 | AD81: {=INDIRECT("'"&$A81&"'!AA11")} -> 0 | AE81: {=INDIRECT("'"&$A81&"'!J3")} -> 0 | AF81: {=INDIRECT("'"&$A81&"'!AC1")}
A82: 27 | C82: {=CONCATENATE("分 ",INDIRECT("'"&$A81&"'!D6"))} -> 分 0 | D82: 3队 | E82: {=INDIRECT("'"&$A81&"'!I4")} -> 18 | F82: {=INDIRECT("'"&$A82&"'!C14")} -> 0 | G82: {=INDIRECT("'"&$A82&"'!D14")} -> 0 | H82: {=INDIRECT("'"&$A82&"'!E14")} -> 0 | I82: {=INDIRECT("'"&$A82&"'!F14")} -> 0 | J82: {=INDIRECT("'"&$A82&"'!G14")} -> 0 | K82: {=INDIRECT("'"&$A82&"'!H14")} -> 0 | L82: {=INDIRECT("'"&$A82&"'!I14")} -> 0 | M82: {=INDIRECT("'"&$A82&"'!J14")} -> 0 | N82: {=INDIRECT("'"&$A82&"'!K14")} -> 0 | O82: {=INDIRECT("'"&$A82&"'!L14")} -> 0 | P82: {=INDIRECT("'"&$A82&"'!M14")} -> 0 | Q82: {=INDIRECT("'"&$A82&"'!N14")} -> 0 | R82: {=INDIRECT("'"&$A82&"'!O14")} -> 0 | S82: {=INDIRECT("'"&$A82&"'!P14")} -> 0 | T82: {=INDIRECT("'"&$A82&"'!Q14")} -> 0 | U82: {=INDIRECT("'"&$A82&"'!R14")} -> 0 | V82: {=INDIRECT("'"&$A82&"'!S14")} -> 0 | W82: {=INDIRECT("'"&$A82&"'!T14")} -> 0 | X82: {=INDIRECT("'"&$A82&"'!U14")} -> 0 | Y82: {=INDIRECT("'"&$A82&"'!V14")} -> 0 | Z82: {=INDIRECT("'"&$A82&"'!W14")} -> 0 | AA82: {=INDIRECT("'"&$A82&"'!X14")} -> 0 | AB82: {=INDIRECT("'"&$A82&"'!Y14")} -> 0 | AC82: {=INDIRECT("'"&$A82&"'!Z14")} -> 0 | AD82: {=INDIRECT("'"&$A82&"'!AA14")} -> 0 | AE82: {=INDIRECT("'"&$A81&"'!J4")} -> 0
A83: 28 | B83: =INDEX(data!$I$2:$I$91,MATCH(A83*1,data!$G$2:$G$91,0)) -> 46212 | C83: =HYPERLINK("#'" & A83 & "'!A1", "编辑") -> 编辑 | D83: 1队 | E83: {=INDIRECT("'"&$A84&"'!I2")} -> 18 | F83: {=INDIRECT("'"&$A83&"'!C8")} -> 0 | G83: {=INDIRECT("'"&$A83&"'!D8")} -> 0 | H83: {=INDIRECT("'"&$A83&"'!E8")} -> 0 | I83: {=INDIRECT("'"&$A83&"'!F8")} -> 0 | J83: {=INDIRECT("'"&$A83&"'!G8")} -> 0 | K83: {=INDIRECT("'"&$A83&"'!H8")} -> 0 | L83: {=INDIRECT("'"&$A83&"'!I8")} -> 0 | M83: {=INDIRECT("'"&$A83&"'!J8")} -> 0 | N83: {=INDIRECT("'"&$A83&"'!K8")} -> 0 | O83: {=INDIRECT("'"&$A83&"'!L8")} -> 0 | P83: {=INDIRECT("'"&$A83&"'!M8")} -> 0 | Q83: {=INDIRECT("'"&$A83&"'!N8")} -> 0 | R83: {=INDIRECT("'"&$A83&"'!O8")} -> 0 | S83: {=INDIRECT("'"&$A83&"'!P8")} -> 0 | T83: {=INDIRECT("'"&$A83&"'!Q8")} -> 0 | U83: {=INDIRECT("'"&$A83&"'!R8")} -> 0 | V83: {=INDIRECT("'"&$A83&"'!S8")} -> 0 | W83: {=INDIRECT("'"&$A83&"'!T8")} -> 0 | X83: {=INDIRECT("'"&$A83&"'!U8")} -> 0 | Y83: {=INDIRECT("'"&$A83&"'!V8")} -> 0 | Z83: {=INDIRECT("'"&$A83&"'!W8")} -> 0 | AA83: {=INDIRECT("'"&$A83&"'!X8")} -> 0 | AB83: {=INDIRECT("'"&$A83&"'!Y8")} -> 0 | AC83: {=INDIRECT("'"&$A83&"'!Z8")} -> 0 | AD83: {=INDIRECT("'"&$A83&"'!AA8")} -> 0 | AE83: {=INDIRECT("'"&$A84&"'!J2")} -> 0 | AF83: {=INDIRECT("'"&$A84&"'!AD1")}
A84: 28 | C84: {=CONCATENATE("粮 ",INDIRECT("'"&$A84&"'!D4"))} -> 粮 50000 | D84: 2队 | E84: {=INDIRECT("'"&$A84&"'!I3")} -> 18 | F84: {=INDIRECT("'"&$A84&"'!C11")} -> 0 | G84: {=INDIRECT("'"&$A84&"'!D11")} -> 0 | H84: {=INDIRECT("'"&$A84&"'!E11")} -> 0 | I84: {=INDIRECT("'"&$A84&"'!F11")} -> 0 | J84: {=INDIRECT("'"&$A84&"'!G11")} -> 0 | K84: {=INDIRECT("'"&$A84&"'!H11")} -> 0 | L84: {=INDIRECT("'"&$A84&"'!I11")} -> 0 | M84: {=INDIRECT("'"&$A84&"'!J11")} -> 0 | N84: {=INDIRECT("'"&$A84&"'!K11")} -> 0 | O84: {=INDIRECT("'"&$A84&"'!L11")} -> 0 | P84: {=INDIRECT("'"&$A84&"'!M11")} -> 0 | Q84: {=INDIRECT("'"&$A84&"'!N11")} -> 0 | R84: {=INDIRECT("'"&$A84&"'!O11")} -> 0 | S84: {=INDIRECT("'"&$A84&"'!P11")} -> 0 | T84: {=INDIRECT("'"&$A84&"'!Q11")} -> 0 | U84: {=INDIRECT("'"&$A84&"'!R11")} -> 0 | V84: {=INDIRECT("'"&$A84&"'!S11")} -> 0 | W84: {=INDIRECT("'"&$A84&"'!T11")} -> 0 | X84: {=INDIRECT("'"&$A84&"'!U11")} -> 0 | Y84: {=INDIRECT("'"&$A84&"'!V11")} -> 0 | Z84: {=INDIRECT("'"&$A84&"'!W11")} -> 0 | AA84: {=INDIRECT("'"&$A84&"'!X11")} -> 0 | AB84: {=INDIRECT("'"&$A84&"'!Y11")} -> 0 | AC84: {=INDIRECT("'"&$A84&"'!Z11")} -> 0 | AD84: {=INDIRECT("'"&$A84&"'!AA11")} -> 0 | AE84: {=INDIRECT("'"&$A84&"'!J3")} -> 0 | AF84: {=INDIRECT("'"&$A84&"'!AC1")}
A85: 28 | C85: {=CONCATENATE("分 ",INDIRECT("'"&$A84&"'!D6"))} -> 分 0 | D85: 3队 | E85: {=INDIRECT("'"&$A84&"'!I4")} -> 18 | F85: {=INDIRECT("'"&$A85&"'!C14")} -> 0 | G85: {=INDIRECT("'"&$A85&"'!D14")} -> 0 | H85: {=INDIRECT("'"&$A85&"'!E14")} -> 0 | I85: {=INDIRECT("'"&$A85&"'!F14")} -> 0 | J85: {=INDIRECT("'"&$A85&"'!G14")} -> 0 | K85: {=INDIRECT("'"&$A85&"'!H14")} -> 0 | L85: {=INDIRECT("'"&$A85&"'!I14")} -> 0 | M85: {=INDIRECT("'"&$A85&"'!J14")} -> 0 | N85: {=INDIRECT("'"&$A85&"'!K14")} -> 0 | O85: {=INDIRECT("'"&$A85&"'!L14")} -> 0 | P85: {=INDIRECT("'"&$A85&"'!M14")} -> 0 | Q85: {=INDIRECT("'"&$A85&"'!N14")} -> 0 | R85: {=INDIRECT("'"&$A85&"'!O14")} -> 0 | S85: {=INDIRECT("'"&$A85&"'!P14")} -> 0 | T85: {=INDIRECT("'"&$A85&"'!Q14")} -> 0 | U85: {=INDIRECT("'"&$A85&"'!R14")} -> 0 | V85: {=INDIRECT("'"&$A85&"'!S14")} -> 0 | W85: {=INDIRECT("'"&$A85&"'!T14")} -> 0 | X85: {=INDIRECT("'"&$A85&"'!U14")} -> 0 | Y85: {=INDIRECT("'"&$A85&"'!V14")} -> 0 | Z85: {=INDIRECT("'"&$A85&"'!W14")} -> 0 | AA85: {=INDIRECT("'"&$A85&"'!X14")} -> 0 | AB85: {=INDIRECT("'"&$A85&"'!Y14")} -> 0 | AC85: {=INDIRECT("'"&$A85&"'!Z14")} -> 0 | AD85: {=INDIRECT("'"&$A85&"'!AA14")} -> 0 | AE85: {=INDIRECT("'"&$A84&"'!J4")} -> 0
A86: 29 | B86: =INDEX(data!$I$2:$I$91,MATCH(A86*1,data!$G$2:$G$91,0)) -> 46213 | C86: =HYPERLINK("#'" & A86 & "'!A1", "编辑") -> 编辑 | D86: 1队 | E86: {=INDIRECT("'"&$A87&"'!I2")} -> 18 | F86: {=INDIRECT("'"&$A86&"'!C8")} -> 0 | G86: {=INDIRECT("'"&$A86&"'!D8")} -> 0 | H86: {=INDIRECT("'"&$A86&"'!E8")} -> 0 | I86: {=INDIRECT("'"&$A86&"'!F8")} -> 0 | J86: {=INDIRECT("'"&$A86&"'!G8")} -> 0 | K86: {=INDIRECT("'"&$A86&"'!H8")} -> 0 | L86: {=INDIRECT("'"&$A86&"'!I8")} -> 0 | M86: {=INDIRECT("'"&$A86&"'!J8")} -> 0 | N86: {=INDIRECT("'"&$A86&"'!K8")} -> 0 | O86: {=INDIRECT("'"&$A86&"'!L8")} -> 0 | P86: {=INDIRECT("'"&$A86&"'!M8")} -> 0 | Q86: {=INDIRECT("'"&$A86&"'!N8")} -> 0 | R86: {=INDIRECT("'"&$A86&"'!O8")} -> 0 | S86: {=INDIRECT("'"&$A86&"'!P8")} -> 0 | T86: {=INDIRECT("'"&$A86&"'!Q8")} -> 0 | U86: {=INDIRECT("'"&$A86&"'!R8")} -> 0 | V86: {=INDIRECT("'"&$A86&"'!S8")} -> 0 | W86: {=INDIRECT("'"&$A86&"'!T8")} -> 0 | X86: {=INDIRECT("'"&$A86&"'!U8")} -> 0 | Y86: {=INDIRECT("'"&$A86&"'!V8")} -> 0 | Z86: {=INDIRECT("'"&$A86&"'!W8")} -> 0 | AA86: {=INDIRECT("'"&$A86&"'!X8")} -> 0 | AB86: {=INDIRECT("'"&$A86&"'!Y8")} -> 0 | AC86: {=INDIRECT("'"&$A86&"'!Z8")} -> 0 | AD86: {=INDIRECT("'"&$A86&"'!AA8")} -> 0 | AE86: {=INDIRECT("'"&$A87&"'!J2")} -> 0 | AF86: {=INDIRECT("'"&$A87&"'!AD1")}
A87: 29 | C87: {=CONCATENATE("粮 ",INDIRECT("'"&$A87&"'!D4"))} -> 粮 51600 | D87: 2队 | E87: {=INDIRECT("'"&$A87&"'!I3")} -> 18 | F87: {=INDIRECT("'"&$A87&"'!C11")} -> 0 | G87: {=INDIRECT("'"&$A87&"'!D11")} -> 0 | H87: {=INDIRECT("'"&$A87&"'!E11")} -> 0 | I87: {=INDIRECT("'"&$A87&"'!F11")} -> 0 | J87: {=INDIRECT("'"&$A87&"'!G11")} -> 0 | K87: {=INDIRECT("'"&$A87&"'!H11")} -> 0 | L87: {=INDIRECT("'"&$A87&"'!I11")} -> 0 | M87: {=INDIRECT("'"&$A87&"'!J11")} -> 0 | N87: {=INDIRECT("'"&$A87&"'!K11")} -> 0 | O87: {=INDIRECT("'"&$A87&"'!L11")} -> 0 | P87: {=INDIRECT("'"&$A87&"'!M11")} -> 0 | Q87: {=INDIRECT("'"&$A87&"'!N11")} -> 0 | R87: {=INDIRECT("'"&$A87&"'!O11")} -> 0 | S87: {=INDIRECT("'"&$A87&"'!P11")} -> 0 | T87: {=INDIRECT("'"&$A87&"'!Q11")} -> 0 | U87: {=INDIRECT("'"&$A87&"'!R11")} -> 0 | V87: {=INDIRECT("'"&$A87&"'!S11")} -> 0 | W87: {=INDIRECT("'"&$A87&"'!T11")} -> 0 | X87: {=INDIRECT("'"&$A87&"'!U11")} -> 0 | Y87: {=INDIRECT("'"&$A87&"'!V11")} -> 0 | Z87: {=INDIRECT("'"&$A87&"'!W11")} -> 0 | AA87: {=INDIRECT("'"&$A87&"'!X11")} -> 0 | AB87: {=INDIRECT("'"&$A87&"'!Y11")} -> 0 | AC87: {=INDIRECT("'"&$A87&"'!Z11")} -> 0 | AD87: {=INDIRECT("'"&$A87&"'!AA11")} -> 0 | AE87: {=INDIRECT("'"&$A87&"'!J3")} -> 0 | AF87: {=INDIRECT("'"&$A87&"'!AC1")}
A88: 29 | C88: {=CONCATENATE("分 ",INDIRECT("'"&$A87&"'!D6"))} -> 分 0 | D88: 3队 | E88: {=INDIRECT("'"&$A87&"'!I4")} -> 18 | F88: {=INDIRECT("'"&$A88&"'!C14")} -> 0 | G88: {=INDIRECT("'"&$A88&"'!D14")} -> 0 | H88: {=INDIRECT("'"&$A88&"'!E14")} -> 0 | I88: {=INDIRECT("'"&$A88&"'!F14")} -> 0 | J88: {=INDIRECT("'"&$A88&"'!G14")} -> 0 | K88: {=INDIRECT("'"&$A88&"'!H14")} -> 0 | L88: {=INDIRECT("'"&$A88&"'!I14")} -> 0 | M88: {=INDIRECT("'"&$A88&"'!J14")} -> 0 | N88: {=INDIRECT("'"&$A88&"'!K14")} -> 0 | O88: {=INDIRECT("'"&$A88&"'!L14")} -> 0 | P88: {=INDIRECT("'"&$A88&"'!M14")} -> 0 | Q88: {=INDIRECT("'"&$A88&"'!N14")} -> 0 | R88: {=INDIRECT("'"&$A88&"'!O14")} -> 0 | S88: {=INDIRECT("'"&$A88&"'!P14")} -> 0 | T88: {=INDIRECT("'"&$A88&"'!Q14")} -> 0 | U88: {=INDIRECT("'"&$A88&"'!R14")} -> 0 | V88: {=INDIRECT("'"&$A88&"'!S14")} -> 0 | W88: {=INDIRECT("'"&$A88&"'!T14")} -> 0 | X88: {=INDIRECT("'"&$A88&"'!U14")} -> 0 | Y88: {=INDIRECT("'"&$A88&"'!V14")} -> 0 | Z88: {=INDIRECT("'"&$A88&"'!W14")} -> 0 | AA88: {=INDIRECT("'"&$A88&"'!X14")} -> 0 | AB88: {=INDIRECT("'"&$A88&"'!Y14")} -> 0 | AC88: {=INDIRECT("'"&$A88&"'!Z14")} -> 0 | AD88: {=INDIRECT("'"&$A88&"'!AA14")} -> 0 | AE88: {=INDIRECT("'"&$A87&"'!J4")} -> 0
A89: 30 | B89: =INDEX(data!$I$2:$I$91,MATCH(A89*1,data!$G$2:$G$91,0)) -> 46214 | C89: =HYPERLINK("#'" & A89 & "'!A1", "编辑") -> 编辑 | D89: 1队 | E89: {=INDIRECT("'"&$A90&"'!I2")} -> 18 | F89: {=INDIRECT("'"&$A89&"'!C8")} -> 0 | G89: {=INDIRECT("'"&$A89&"'!D8")} -> 0 | H89: {=INDIRECT("'"&$A89&"'!E8")} -> 0 | I89: {=INDIRECT("'"&$A89&"'!F8")} -> 0 | J89: {=INDIRECT("'"&$A89&"'!G8")} -> 0 | K89: {=INDIRECT("'"&$A89&"'!H8")} -> 0 | L89: {=INDIRECT("'"&$A89&"'!I8")} -> 0 | M89: {=INDIRECT("'"&$A89&"'!J8")} -> 0 | N89: {=INDIRECT("'"&$A89&"'!K8")} -> 0 | O89: {=INDIRECT("'"&$A89&"'!L8")} -> 0 | P89: {=INDIRECT("'"&$A89&"'!M8")} -> 0 | Q89: {=INDIRECT("'"&$A89&"'!N8")} -> 0 | R89: {=INDIRECT("'"&$A89&"'!O8")} -> 0 | S89: {=INDIRECT("'"&$A89&"'!P8")} -> 0 | T89: {=INDIRECT("'"&$A89&"'!Q8")} -> 0 | U89: {=INDIRECT("'"&$A89&"'!R8")} -> 0 | V89: {=INDIRECT("'"&$A89&"'!S8")} -> 0 | W89: {=INDIRECT("'"&$A89&"'!T8")} -> 0 | X89: {=INDIRECT("'"&$A89&"'!U8")} -> 0 | Y89: {=INDIRECT("'"&$A89&"'!V8")} -> 0 | Z89: {=INDIRECT("'"&$A89&"'!W8")} -> 0 | AA89: {=INDIRECT("'"&$A89&"'!X8")} -> 0 | AB89: {=INDIRECT("'"&$A89&"'!Y8")} -> 0 | AC89: {=INDIRECT("'"&$A89&"'!Z8")} -> 0 | AD89: {=INDIRECT("'"&$A89&"'!AA8")} -> 0 | AE89: {=INDIRECT("'"&$A90&"'!J2")} -> 0 | AF89: {=INDIRECT("'"&$A90&"'!AD1")}
A90: 30 | C90: {=CONCATENATE("粮 ",INDIRECT("'"&$A90&"'!D4"))} -> 粮 53200 | D90: 2队 | E90: {=INDIRECT("'"&$A90&"'!I3")} -> 18 | F90: {=INDIRECT("'"&$A90&"'!C11")} -> 0 | G90: {=INDIRECT("'"&$A90&"'!D11")} -> 0 | H90: {=INDIRECT("'"&$A90&"'!E11")} -> 0 | I90: {=INDIRECT("'"&$A90&"'!F11")} -> 0 | J90: {=INDIRECT("'"&$A90&"'!G11")} -> 0 | K90: {=INDIRECT("'"&$A90&"'!H11")} -> 0 | L90: {=INDIRECT("'"&$A90&"'!I11")} -> 0 | M90: {=INDIRECT("'"&$A90&"'!J11")} -> 0 | N90: {=INDIRECT("'"&$A90&"'!K11")} -> 0 | O90: {=INDIRECT("'"&$A90&"'!L11")} -> 0 | P90: {=INDIRECT("'"&$A90&"'!M11")} -> 0 | Q90: {=INDIRECT("'"&$A90&"'!N11")} -> 0 | R90: {=INDIRECT("'"&$A90&"'!O11")} -> 0 | S90: {=INDIRECT("'"&$A90&"'!P11")} -> 0 | T90: {=INDIRECT("'"&$A90&"'!Q11")} -> 0 | U90: {=INDIRECT("'"&$A90&"'!R11")} -> 0 | V90: {=INDIRECT("'"&$A90&"'!S11")} -> 0 | W90: {=INDIRECT("'"&$A90&"'!T11")} -> 0 | X90: {=INDIRECT("'"&$A90&"'!U11")} -> 0 | Y90: {=INDIRECT("'"&$A90&"'!V11")} -> 0 | Z90: {=INDIRECT("'"&$A90&"'!W11")} -> 0 | AA90: {=INDIRECT("'"&$A90&"'!X11")} -> 0 | AB90: {=INDIRECT("'"&$A90&"'!Y11")} -> 0 | AC90: {=INDIRECT("'"&$A90&"'!Z11")} -> 0 | AD90: {=INDIRECT("'"&$A90&"'!AA11")} -> 0 | AE90: {=INDIRECT("'"&$A90&"'!J3")} -> 0 | AF90: {=INDIRECT("'"&$A90&"'!AC1")}
A91: 30 | C91: {=CONCATENATE("分 ",INDIRECT("'"&$A90&"'!D6"))} -> 分 0 | D91: 3队 | E91: {=INDIRECT("'"&$A90&"'!I4")} -> 18 | F91: {=INDIRECT("'"&$A91&"'!C14")} -> 0 | G91: {=INDIRECT("'"&$A91&"'!D14")} -> 0 | H91: {=INDIRECT("'"&$A91&"'!E14")} -> 0 | I91: {=INDIRECT("'"&$A91&"'!F14")} -> 0 | J91: {=INDIRECT("'"&$A91&"'!G14")} -> 0 | K91: {=INDIRECT("'"&$A91&"'!H14")} -> 0 | L91: {=INDIRECT("'"&$A91&"'!I14")} -> 0 | M91: {=INDIRECT("'"&$A91&"'!J14")} -> 0 | N91: {=INDIRECT("'"&$A91&"'!K14")} -> 0 | O91: {=INDIRECT("'"&$A91&"'!L14")} -> 0 | P91: {=INDIRECT("'"&$A91&"'!M14")} -> 0 | Q91: {=INDIRECT("'"&$A91&"'!N14")} -> 0 | R91: {=INDIRECT("'"&$A91&"'!O14")} -> 0 | S91: {=INDIRECT("'"&$A91&"'!P14")} -> 0 | T91: {=INDIRECT("'"&$A91&"'!Q14")} -> 0 | U91: {=INDIRECT("'"&$A91&"'!R14")} -> 0 | V91: {=INDIRECT("'"&$A91&"'!S14")} -> 0 | W91: {=INDIRECT("'"&$A91&"'!T14")} -> 0 | X91: {=INDIRECT("'"&$A91&"'!U14")} -> 0 | Y91: {=INDIRECT("'"&$A91&"'!V14")} -> 0 | Z91: {=INDIRECT("'"&$A91&"'!W14")} -> 0 | AA91: {=INDIRECT("'"&$A91&"'!X14")} -> 0 | AB91: {=INDIRECT("'"&$A91&"'!Y14")} -> 0 | AC91: {=INDIRECT("'"&$A91&"'!Z14")} -> 0 | AD91: {=INDIRECT("'"&$A91&"'!AA14")} -> 0 | AE91: {=INDIRECT("'"&$A90&"'!J4")} -> 0
A92: 31 | B92: =INDEX(data!$I$2:$I$91,MATCH(A92*1,data!$G$2:$G$91,0)) -> 46215 | C92: =HYPERLINK("#'" & A92 & "'!A1", "编辑") -> 编辑 | D92: 1队 | E92: {=INDIRECT("'"&$A93&"'!I2")} -> 18 | F92: {=INDIRECT("'"&$A92&"'!C8")} -> 0 | G92: {=INDIRECT("'"&$A92&"'!D8")} -> 0 | H92: {=INDIRECT("'"&$A92&"'!E8")} -> 0 | I92: {=INDIRECT("'"&$A92&"'!F8")} -> 0 | J92: {=INDIRECT("'"&$A92&"'!G8")} -> 0 | K92: {=INDIRECT("'"&$A92&"'!H8")} -> 0 | L92: {=INDIRECT("'"&$A92&"'!I8")} -> 0 | M92: {=INDIRECT("'"&$A92&"'!J8")} -> 0 | N92: {=INDIRECT("'"&$A92&"'!K8")} -> 0 | O92: {=INDIRECT("'"&$A92&"'!L8")} -> 0 | P92: {=INDIRECT("'"&$A92&"'!M8")} -> 0 | Q92: {=INDIRECT("'"&$A92&"'!N8")} -> 0 | R92: {=INDIRECT("'"&$A92&"'!O8")} -> 0 | S92: {=INDIRECT("'"&$A92&"'!P8")} -> 0 | T92: {=INDIRECT("'"&$A92&"'!Q8")} -> 0 | U92: {=INDIRECT("'"&$A92&"'!R8")} -> 0 | V92: {=INDIRECT("'"&$A92&"'!S8")} -> 0 | W92: {=INDIRECT("'"&$A92&"'!T8")} -> 0 | X92: {=INDIRECT("'"&$A92&"'!U8")} -> 0 | Y92: {=INDIRECT("'"&$A92&"'!V8")} -> 0 | Z92: {=INDIRECT("'"&$A92&"'!W8")} -> 0 | AA92: {=INDIRECT("'"&$A92&"'!X8")} -> 0 | AB92: {=INDIRECT("'"&$A92&"'!Y8")} -> 0 | AC92: {=INDIRECT("'"&$A92&"'!Z8")} -> 0 | AD92: {=INDIRECT("'"&$A92&"'!AA8")} -> 0 | AE92: {=INDIRECT("'"&$A93&"'!J2")} -> 0 | AF92: {=INDIRECT("'"&$A93&"'!AD1")}
A93: 31 | C93: {=CONCATENATE("粮 ",INDIRECT("'"&$A93&"'!D4"))} -> 粮 54800 | D93: 2队 | E93: {=INDIRECT("'"&$A93&"'!I3")} -> 18 | F93: {=INDIRECT("'"&$A93&"'!C11")} -> 0 | G93: {=INDIRECT("'"&$A93&"'!D11")} -> 0 | H93: {=INDIRECT("'"&$A93&"'!E11")} -> 0 | I93: {=INDIRECT("'"&$A93&"'!F11")} -> 0 | J93: {=INDIRECT("'"&$A93&"'!G11")} -> 0 | K93: {=INDIRECT("'"&$A93&"'!H11")} -> 0 | L93: {=INDIRECT("'"&$A93&"'!I11")} -> 0 | M93: {=INDIRECT("'"&$A93&"'!J11")} -> 0 | N93: {=INDIRECT("'"&$A93&"'!K11")} -> 0 | O93: {=INDIRECT("'"&$A93&"'!L11")} -> 0 | P93: {=INDIRECT("'"&$A93&"'!M11")} -> 0 | Q93: {=INDIRECT("'"&$A93&"'!N11")} -> 0 | R93: {=INDIRECT("'"&$A93&"'!O11")} -> 0 | S93: {=INDIRECT("'"&$A93&"'!P11")} -> 0 | T93: {=INDIRECT("'"&$A93&"'!Q11")} -> 0 | U93: {=INDIRECT("'"&$A93&"'!R11")} -> 0 | V93: {=INDIRECT("'"&$A93&"'!S11")} -> 0 | W93: {=INDIRECT("'"&$A93&"'!T11")} -> 0 | X93: {=INDIRECT("'"&$A93&"'!U11")} -> 0 | Y93: {=INDIRECT("'"&$A93&"'!V11")} -> 0 | Z93: {=INDIRECT("'"&$A93&"'!W11")} -> 0 | AA93: {=INDIRECT("'"&$A93&"'!X11")} -> 0 | AB93: {=INDIRECT("'"&$A93&"'!Y11")} -> 0 | AC93: {=INDIRECT("'"&$A93&"'!Z11")} -> 0 | AD93: {=INDIRECT("'"&$A93&"'!AA11")} -> 0 | AE93: {=INDIRECT("'"&$A93&"'!J3")} -> 0 | AF93: {=INDIRECT("'"&$A93&"'!AC1")}
A94: 31 | C94: {=CONCATENATE("分 ",INDIRECT("'"&$A93&"'!D6"))} -> 分 0 | D94: 3队 | E94: {=INDIRECT("'"&$A93&"'!I4")} -> 18 | F94: {=INDIRECT("'"&$A94&"'!C14")} -> 0 | G94: {=INDIRECT("'"&$A94&"'!D14")} -> 0 | H94: {=INDIRECT("'"&$A94&"'!E14")} -> 0 | I94: {=INDIRECT("'"&$A94&"'!F14")} -> 0 | J94: {=INDIRECT("'"&$A94&"'!G14")} -> 0 | K94: {=INDIRECT("'"&$A94&"'!H14")} -> 0 | L94: {=INDIRECT("'"&$A94&"'!I14")} -> 0 | M94: {=INDIRECT("'"&$A94&"'!J14")} -> 0 | N94: {=INDIRECT("'"&$A94&"'!K14")} -> 0 | O94: {=INDIRECT("'"&$A94&"'!L14")} -> 0 | P94: {=INDIRECT("'"&$A94&"'!M14")} -> 0 | Q94: {=INDIRECT("'"&$A94&"'!N14")} -> 0 | R94: {=INDIRECT("'"&$A94&"'!O14")} -> 0 | S94: {=INDIRECT("'"&$A94&"'!P14")} -> 0 | T94: {=INDIRECT("'"&$A94&"'!Q14")} -> 0 | U94: {=INDIRECT("'"&$A94&"'!R14")} -> 0 | V94: {=INDIRECT("'"&$A94&"'!S14")} -> 0 | W94: {=INDIRECT("'"&$A94&"'!T14")} -> 0 | X94: {=INDIRECT("'"&$A94&"'!U14")} -> 0 | Y94: {=INDIRECT("'"&$A94&"'!V14")} -> 0 | Z94: {=INDIRECT("'"&$A94&"'!W14")} -> 0 | AA94: {=INDIRECT("'"&$A94&"'!X14")} -> 0 | AB94: {=INDIRECT("'"&$A94&"'!Y14")} -> 0 | AC94: {=INDIRECT("'"&$A94&"'!Z14")} -> 0 | AD94: {=INDIRECT("'"&$A94&"'!AA14")} -> 0 | AE94: {=INDIRECT("'"&$A93&"'!J4")} -> 0
A95: 32 | B95: =INDEX(data!$I$2:$I$91,MATCH(A95*1,data!$G$2:$G$91,0)) -> 46216 | C95: =HYPERLINK("#'" & A95 & "'!A1", "编辑") -> 编辑 | D95: 1队 | E95: {=INDIRECT("'"&$A96&"'!I2")} -> 18 | F95: {=INDIRECT("'"&$A95&"'!C8")} -> 0 | G95: {=INDIRECT("'"&$A95&"'!D8")} -> 0 | H95: {=INDIRECT("'"&$A95&"'!E8")} -> 0 | I95: {=INDIRECT("'"&$A95&"'!F8")} -> 0 | J95: {=INDIRECT("'"&$A95&"'!G8")} -> 0 | K95: {=INDIRECT("'"&$A95&"'!H8")} -> 0 | L95: {=INDIRECT("'"&$A95&"'!I8")} -> 0 | M95: {=INDIRECT("'"&$A95&"'!J8")} -> 0 | N95: {=INDIRECT("'"&$A95&"'!K8")} -> 0 | O95: {=INDIRECT("'"&$A95&"'!L8")} -> 0 | P95: {=INDIRECT("'"&$A95&"'!M8")} -> 0 | Q95: {=INDIRECT("'"&$A95&"'!N8")} -> 0 | R95: {=INDIRECT("'"&$A95&"'!O8")} -> 0 | S95: {=INDIRECT("'"&$A95&"'!P8")} -> 0 | T95: {=INDIRECT("'"&$A95&"'!Q8")} -> 0 | U95: {=INDIRECT("'"&$A95&"'!R8")} -> 0 | V95: {=INDIRECT("'"&$A95&"'!S8")} -> 0 | W95: {=INDIRECT("'"&$A95&"'!T8")} -> 0 | X95: {=INDIRECT("'"&$A95&"'!U8")} -> 0 | Y95: {=INDIRECT("'"&$A95&"'!V8")} -> 0 | Z95: {=INDIRECT("'"&$A95&"'!W8")} -> 0 | AA95: {=INDIRECT("'"&$A95&"'!X8")} -> 0 | AB95: {=INDIRECT("'"&$A95&"'!Y8")} -> 0 | AC95: {=INDIRECT("'"&$A95&"'!Z8")} -> 0 | AD95: {=INDIRECT("'"&$A95&"'!AA8")} -> 0 | AE95: {=INDIRECT("'"&$A96&"'!J2")} -> 0 | AF95: {=INDIRECT("'"&$A96&"'!AD1")}
A96: 32 | C96: {=CONCATENATE("粮 ",INDIRECT("'"&$A96&"'!D4"))} -> 粮 56400 | D96: 2队 | E96: {=INDIRECT("'"&$A96&"'!I3")} -> 18 | F96: {=INDIRECT("'"&$A96&"'!C11")} -> 0 | G96: {=INDIRECT("'"&$A96&"'!D11")} -> 0 | H96: {=INDIRECT("'"&$A96&"'!E11")} -> 0 | I96: {=INDIRECT("'"&$A96&"'!F11")} -> 0 | J96: {=INDIRECT("'"&$A96&"'!G11")} -> 0 | K96: {=INDIRECT("'"&$A96&"'!H11")} -> 0 | L96: {=INDIRECT("'"&$A96&"'!I11")} -> 0 | M96: {=INDIRECT("'"&$A96&"'!J11")} -> 0 | N96: {=INDIRECT("'"&$A96&"'!K11")} -> 0 | O96: {=INDIRECT("'"&$A96&"'!L11")} -> 0 | P96: {=INDIRECT("'"&$A96&"'!M11")} -> 0 | Q96: {=INDIRECT("'"&$A96&"'!N11")} -> 0 | R96: {=INDIRECT("'"&$A96&"'!O11")} -> 0 | S96: {=INDIRECT("'"&$A96&"'!P11")} -> 0 | T96: {=INDIRECT("'"&$A96&"'!Q11")} -> 0 | U96: {=INDIRECT("'"&$A96&"'!R11")} -> 0 | V96: {=INDIRECT("'"&$A96&"'!S11")} -> 0 | W96: {=INDIRECT("'"&$A96&"'!T11")} -> 0 | X96: {=INDIRECT("'"&$A96&"'!U11")} -> 0 | Y96: {=INDIRECT("'"&$A96&"'!V11")} -> 0 | Z96: {=INDIRECT("'"&$A96&"'!W11")} -> 0 | AA96: {=INDIRECT("'"&$A96&"'!X11")} -> 0 | AB96: {=INDIRECT("'"&$A96&"'!Y11")} -> 0 | AC96: {=INDIRECT("'"&$A96&"'!Z11")} -> 0 | AD96: {=INDIRECT("'"&$A96&"'!AA11")} -> 0 | AE96: {=INDIRECT("'"&$A96&"'!J3")} -> 0 | AF96: {=INDIRECT("'"&$A96&"'!AC1")}
A97: 32 | C97: {=CONCATENATE("分 ",INDIRECT("'"&$A96&"'!D6"))} -> 分 0 | D97: 3队 | E97: {=INDIRECT("'"&$A96&"'!I4")} -> 18 | F97: {=INDIRECT("'"&$A97&"'!C14")} -> 0 | G97: {=INDIRECT("'"&$A97&"'!D14")} -> 0 | H97: {=INDIRECT("'"&$A97&"'!E14")} -> 0 | I97: {=INDIRECT("'"&$A97&"'!F14")} -> 0 | J97: {=INDIRECT("'"&$A97&"'!G14")} -> 0 | K97: {=INDIRECT("'"&$A97&"'!H14")} -> 0 | L97: {=INDIRECT("'"&$A97&"'!I14")} -> 0 | M97: {=INDIRECT("'"&$A97&"'!J14")} -> 0 | N97: {=INDIRECT("'"&$A97&"'!K14")} -> 0 | O97: {=INDIRECT("'"&$A97&"'!L14")} -> 0 | P97: {=INDIRECT("'"&$A97&"'!M14")} -> 0 | Q97: {=INDIRECT("'"&$A97&"'!N14")} -> 0 | R97: {=INDIRECT("'"&$A97&"'!O14")} -> 0 | S97: {=INDIRECT("'"&$A97&"'!P14")} -> 0 | T97: {=INDIRECT("'"&$A97&"'!Q14")} -> 0 | U97: {=INDIRECT("'"&$A97&"'!R14")} -> 0 | V97: {=INDIRECT("'"&$A97&"'!S14")} -> 0 | W97: {=INDIRECT("'"&$A97&"'!T14")} -> 0 | X97: {=INDIRECT("'"&$A97&"'!U14")} -> 0 | Y97: {=INDIRECT("'"&$A97&"'!V14")} -> 0 | Z97: {=INDIRECT("'"&$A97&"'!W14")} -> 0 | AA97: {=INDIRECT("'"&$A97&"'!X14")} -> 0 | AB97: {=INDIRECT("'"&$A97&"'!Y14")} -> 0 | AC97: {=INDIRECT("'"&$A97&"'!Z14")} -> 0 | AD97: {=INDIRECT("'"&$A97&"'!AA14")} -> 0 | AE97: {=INDIRECT("'"&$A96&"'!J4")} -> 0
A98: 33 | B98: =INDEX(data!$I$2:$I$91,MATCH(A98*1,data!$G$2:$G$91,0)) -> 46217 | C98: =HYPERLINK("#'" & A98 & "'!A1", "编辑") -> 编辑 | D98: 1队 | E98: {=INDIRECT("'"&$A99&"'!I2")} -> 18 | F98: {=INDIRECT("'"&$A98&"'!C8")} -> 0 | G98: {=INDIRECT("'"&$A98&"'!D8")} -> 0 | H98: {=INDIRECT("'"&$A98&"'!E8")} -> 0 | I98: {=INDIRECT("'"&$A98&"'!F8")} -> 0 | J98: {=INDIRECT("'"&$A98&"'!G8")} -> 0 | K98: {=INDIRECT("'"&$A98&"'!H8")} -> 0 | L98: {=INDIRECT("'"&$A98&"'!I8")} -> 0 | M98: {=INDIRECT("'"&$A98&"'!J8")} -> 0 | N98: {=INDIRECT("'"&$A98&"'!K8")} -> 0 | O98: {=INDIRECT("'"&$A98&"'!L8")} -> 0 | P98: {=INDIRECT("'"&$A98&"'!M8")} -> 0 | Q98: {=INDIRECT("'"&$A98&"'!N8")} -> 0 | R98: {=INDIRECT("'"&$A98&"'!O8")} -> 0 | S98: {=INDIRECT("'"&$A98&"'!P8")} -> 0 | T98: {=INDIRECT("'"&$A98&"'!Q8")} -> 0 | U98: {=INDIRECT("'"&$A98&"'!R8")} -> 0 | V98: {=INDIRECT("'"&$A98&"'!S8")} -> 0 | W98: {=INDIRECT("'"&$A98&"'!T8")} -> 0 | X98: {=INDIRECT("'"&$A98&"'!U8")} -> 0 | Y98: {=INDIRECT("'"&$A98&"'!V8")} -> 0 | Z98: {=INDIRECT("'"&$A98&"'!W8")} -> 0 | AA98: {=INDIRECT("'"&$A98&"'!X8")} -> 0 | AB98: {=INDIRECT("'"&$A98&"'!Y8")} -> 0 | AC98: {=INDIRECT("'"&$A98&"'!Z8")} -> 0 | AD98: {=INDIRECT("'"&$A98&"'!AA8")} -> 0 | AE98: {=INDIRECT("'"&$A99&"'!J2")} -> 0 | AF98: {=INDIRECT("'"&$A99&"'!AD1")}
A99: 33 | C99: {=CONCATENATE("粮 ",INDIRECT("'"&$A99&"'!D4"))} -> 粮 58000 | D99: 2队 | E99: {=INDIRECT("'"&$A99&"'!I3")} -> 18 | F99: {=INDIRECT("'"&$A99&"'!C11")} -> 0 | G99: {=INDIRECT("'"&$A99&"'!D11")} -> 0 | H99: {=INDIRECT("'"&$A99&"'!E11")} -> 0 | I99: {=INDIRECT("'"&$A99&"'!F11")} -> 0 | J99: {=INDIRECT("'"&$A99&"'!G11")} -> 0 | K99: {=INDIRECT("'"&$A99&"'!H11")} -> 0 | L99: {=INDIRECT("'"&$A99&"'!I11")} -> 0 | M99: {=INDIRECT("'"&$A99&"'!J11")} -> 0 | N99: {=INDIRECT("'"&$A99&"'!K11")} -> 0 | O99: {=INDIRECT("'"&$A99&"'!L11")} -> 0 | P99: {=INDIRECT("'"&$A99&"'!M11")} -> 0 | Q99: {=INDIRECT("'"&$A99&"'!N11")} -> 0 | R99: {=INDIRECT("'"&$A99&"'!O11")} -> 0 | S99: {=INDIRECT("'"&$A99&"'!P11")} -> 0 | T99: {=INDIRECT("'"&$A99&"'!Q11")} -> 0 | U99: {=INDIRECT("'"&$A99&"'!R11")} -> 0 | V99: {=INDIRECT("'"&$A99&"'!S11")} -> 0 | W99: {=INDIRECT("'"&$A99&"'!T11")} -> 0 | X99: {=INDIRECT("'"&$A99&"'!U11")} -> 0 | Y99: {=INDIRECT("'"&$A99&"'!V11")} -> 0 | Z99: {=INDIRECT("'"&$A99&"'!W11")} -> 0 | AA99: {=INDIRECT("'"&$A99&"'!X11")} -> 0 | AB99: {=INDIRECT("'"&$A99&"'!Y11")} -> 0 | AC99: {=INDIRECT("'"&$A99&"'!Z11")} -> 0 | AD99: {=INDIRECT("'"&$A99&"'!AA11")} -> 0 | AE99: {=INDIRECT("'"&$A99&"'!J3")} -> 0 | AF99: {=INDIRECT("'"&$A99&"'!AC1")}
A100: 33 | C100: {=CONCATENATE("分 ",INDIRECT("'"&$A99&"'!D6"))} -> 分 0 | D100: 3队 | E100: {=INDIRECT("'"&$A99&"'!I4")} -> 18 | F100: {=INDIRECT("'"&$A100&"'!C14")} -> 0 | G100: {=INDIRECT("'"&$A100&"'!D14")} -> 0 | H100: {=INDIRECT("'"&$A100&"'!E14")} -> 0 | I100: {=INDIRECT("'"&$A100&"'!F14")} -> 0 | J100: {=INDIRECT("'"&$A100&"'!G14")} -> 0 | K100: {=INDIRECT("'"&$A100&"'!H14")} -> 0 | L100: {=INDIRECT("'"&$A100&"'!I14")} -> 0 | M100: {=INDIRECT("'"&$A100&"'!J14")} -> 0 | N100: {=INDIRECT("'"&$A100&"'!K14")} -> 0 | O100: {=INDIRECT("'"&$A100&"'!L14")} -> 0 | P100: {=INDIRECT("'"&$A100&"'!M14")} -> 0 | Q100: {=INDIRECT("'"&$A100&"'!N14")} -> 0 | R100: {=INDIRECT("'"&$A100&"'!O14")} -> 0 | S100: {=INDIRECT("'"&$A100&"'!P14")} -> 0 | T100: {=INDIRECT("'"&$A100&"'!Q14")} -> 0 | U100: {=INDIRECT("'"&$A100&"'!R14")} -> 0 | V100: {=INDIRECT("'"&$A100&"'!S14")} -> 0 | W100: {=INDIRECT("'"&$A100&"'!T14")} -> 0 | X100: {=INDIRECT("'"&$A100&"'!U14")} -> 0 | Y100: {=INDIRECT("'"&$A100&"'!V14")} -> 0 | Z100: {=INDIRECT("'"&$A100&"'!W14")} -> 0 | AA100: {=INDIRECT("'"&$A100&"'!X14")} -> 0 | AB100: {=INDIRECT("'"&$A100&"'!Y14")} -> 0 | AC100: {=INDIRECT("'"&$A100&"'!Z14")} -> 0 | AD100: {=INDIRECT("'"&$A100&"'!AA14")} -> 0 | AE100: {=INDIRECT("'"&$A99&"'!J4")} -> 0
...

Sheet data
B1: 粮草 | C1: 经验 | D1: 行动 | E1: 已占领 | G1: day | H1: 张鹏 | I1: date | L1: 兵粮buff | M1: 减粮草 | N1: 战勋buff | O1: 加经验 | R1: 兵粮buff | S1: 减粮草 | T1: 战勋buff | U1: 加经验
A2: 1级 | B2: 150 | C2: 35 | D2: 1 | E2: =COUNTIF(main!$F$2:$AD$271,data!A2) -> 0 | G2: 1 | H2: 300 | I2: 46185 | K2: 1 | L2: 5级 | M2: =IF(L2="",0,(INDEX($B$2:$B$27,MATCH(L2,$A$2:$A$27,0))-50)*(0.4)) -> 56 | N2: 中boss | O2: =IF(N2="",0,INDEX($C$2:$C$27,MATCH(N2,$A$2:$A$27,0))*0.4) -> 200 | Q2: 1 | R2: 2级 | S2: =IF(R2="",0,(INDEX($B$2:$B$27,MATCH(R2,$A$2:$A$27,0))-50)*(0.4)) -> 44 | T2: 历练 | U2: =IF(T2="",0,INDEX($C$2:$C$27,MATCH(T2,$A$2:$A$27,0))*0.4) -> 208
A3: 2级 | B3: 160 | C3: 40 | D3: 1 | E3: =COUNTIF(main!$F$2:$AD$271,data!A3) -> 0 | G3: 2 | H3: 300 | I3: 46186 | K3: 2 | L3: 5级 | M3: =IF(L3="",0,(INDEX($B$2:$B$27,MATCH(L3,$A$2:$A$27,0))-50)*(0.4)) -> 56 | N3: 大boss | O3: =IF(N3="",0,INDEX($C$2:$C$27,MATCH(N3,$A$2:$A$27,0))*0.4) -> 400 | Q3: 2 | R3: 2级 | S3: =IF(R3="",0,(INDEX($B$2:$B$27,MATCH(R3,$A$2:$A$27,0))-50)*(0.4)) -> 44 | U3: =IF(T3="",0,INDEX($C$2:$C$27,MATCH(T3,$A$2:$A$27,0))*0.4) -> 0
A4: 3级 | B4: 170 | C4: 45 | D4: 1 | E4: =COUNTIF(main!$F$2:$AD$271,data!A4) -> 0 | G4: 3 | H4: 300 | I4: 46187 | K4: 3 | L4: 5级 | M4: =IF(L4="",0,(INDEX($B$2:$B$27,MATCH(L4,$A$2:$A$27,0))-50)*(0.4)) -> 56 | N4: 大boss | O4: =IF(N4="",0,INDEX($C$2:$C$27,MATCH(N4,$A$2:$A$27,0))*0.4) -> 400 | Q4: 3 | R4: 2级 | S4: =IF(R4="",0,(INDEX($B$2:$B$27,MATCH(R4,$A$2:$A$27,0))-50)*(0.4)) -> 44 | T4: 3级 | U4: =IF(T4="",0,INDEX($C$2:$C$27,MATCH(T4,$A$2:$A$27,0))*0.4) -> 18
A5: 4级 | B5: 180 | C5: 50 | D5: 1 | E5: =COUNTIF(main!$F$2:$AD$271,data!A5) -> 0 | G5: 4 | H5: 300 | I5: 46188 | K5: 4 | L5: 6级 | M5: =IF(L5="",0,(INDEX($B$2:$B$27,MATCH(L5,$A$2:$A$27,0))-50)*(0.4)) -> 60 | N5: 历练 | O5: =IF(N5="",0,INDEX($C$2:$C$27,MATCH(N5,$A$2:$A$27,0))*0.4) -> 208 | Q5: 4 | R5: 2级 | S5: =IF(R5="",0,(INDEX($B$2:$B$27,MATCH(R5,$A$2:$A$27,0))-50)*(0.4)) -> 44 | T5: 大卦 | U5: =IF(T5="",0,INDEX($C$2:$C$27,MATCH(T5,$A$2:$A$27,0))*0.4) -> 120
A6: 5级 | B6: 190 | C6: 55 | D6: 1 | E6: =COUNTIF(main!$F$2:$AD$271,data!A6) -> 0 | G6: 5 | H6: 300 | I6: 46189 | K6: 5 | L6: 6级 | M6: =IF(L6="",0,(INDEX($B$2:$B$27,MATCH(L6,$A$2:$A$27,0))-50)*(0.4)) -> 60 | N6: 历练 | O6: =IF(N6="",0,INDEX($C$2:$C$27,MATCH(N6,$A$2:$A$27,0))*0.4) -> 208 | Q6: 5 | R6: 草2 | S6: =IF(R6="",0,(INDEX($B$2:$B$27,MATCH(R6,$A$2:$A$27,0))-50)*(0.4)) -> 40 | T6: 3级 | U6: =IF(T6="",0,INDEX($C$2:$C$27,MATCH(T6,$A$2:$A$27,0))*0.4) -> 18
A7: 6级 | B7: 200 | C7: 60 | D7: 1 | E7: =COUNTIF(main!$F$2:$AD$271,data!A7) -> 0 | G7: 6 | H7: 300 | I7: 46190 | K7: 6 | L7: 6级 | M7: =IF(L7="",0,(INDEX($B$2:$B$27,MATCH(L7,$A$2:$A$27,0))-50)*(0.4)) -> 60 | N7: 中boss | O7: =IF(N7="",0,INDEX($C$2:$C$27,MATCH(N7,$A$2:$A$27,0))*0.4) -> 200 | Q7: 6 | S7: =IF(R7="",0,(INDEX($B$2:$B$27,MATCH(R7,$A$2:$A$27,0))-50)*(0.4)) -> 0 | T7: 大卦 | U7: =IF(T7="",0,INDEX($C$2:$C$27,MATCH(T7,$A$2:$A$27,0))*0.4) -> 120
A8: 草1 | B8: 150 | C8: 35 | D8: 1 | E8: =COUNTIF(main!$F$2:$AD$271,data!A8) -> 0 | G8: 7 | H8: 300 | I8: 46191 | K8: 7 | L8: 6级 | M8: =IF(L8="",0,(INDEX($B$2:$B$27,MATCH(L8,$A$2:$A$27,0))-50)*(0.4)) -> 60 | N8: 6级 | O8: =IF(N8="",0,INDEX($C$2:$C$27,MATCH(N8,$A$2:$A$27,0))*0.4) -> 24 | Q8: 7 | S8: =IF(R8="",0,(INDEX($B$2:$B$27,MATCH(R8,$A$2:$A$27,0))-50)*(0.4)) -> 0 | T8: 3级 | U8: =IF(T8="",0,INDEX($C$2:$C$27,MATCH(T8,$A$2:$A$27,0))*0.4) -> 18
A9: 草2 | B9: 150 | C9: 40 | D9: 1 | E9: =COUNTIF(main!$F$2:$AD$271,data!A9) -> 0 | G9: 8 | H9: 300 | I9: 46192 | K9: 8 | L9: 6级 | M9: =IF(L9="",0,(INDEX($B$2:$B$27,MATCH(L9,$A$2:$A$27,0))-50)*(0.4)) -> 60 | N9: 6级 | O9: =IF(N9="",0,INDEX($C$2:$C$27,MATCH(N9,$A$2:$A$27,0))*0.4) -> 24 | Q9: 8 | S9: =IF(R9="",0,(INDEX($B$2:$B$27,MATCH(R9,$A$2:$A$27,0))-50)*(0.4)) -> 0 | T9: 大卦 | U9: =IF(T9="",0,INDEX($C$2:$C$27,MATCH(T9,$A$2:$A$27,0))*0.4) -> 120
A10: 草3 | B10: 150 | C10: 45 | D10: 1 | E10: =COUNTIF(main!$F$2:$AD$271,data!A10) -> 0 | G10: 9 | H10: 300 | I10: 46193 | K10: 9 | L10: 6级 | M10: =IF(L10="",0,(INDEX($B$2:$B$27,MATCH(L10,$A$2:$A$27,0))-50)*(0.4)) -> 60 | O10: =IF(N10="",0,INDEX($C$2:$C$27,MATCH(N10,$A$2:$A$27,0))*0.4) -> 0 | Q10: 9 | S10: =IF(R10="",0,(INDEX($B$2:$B$27,MATCH(R10,$A$2:$A$27,0))-50)*(0.4)) -> 0 | U10: =IF(T10="",0,INDEX($C$2:$C$27,MATCH(T10,$A$2:$A$27,0))*0.4) -> 0
A11: 草4 | B11: 150 | C11: 50 | D11: 1 | E11: =COUNTIF(main!$F$2:$AD$271,data!A11) -> 0 | G11: 10 | H11: 300 | I11: 46194 | K11: 10 | L11: 6级 | M11: =IF(L11="",0,(INDEX($B$2:$B$27,MATCH(L11,$A$2:$A$27,0))-50)*(0.4)) -> 60 | O11: =IF(N11="",0,INDEX($C$2:$C$27,MATCH(N11,$A$2:$A$27,0))*0.4) -> 0 | Q11: 10 | S11: =IF(R11="",0,(INDEX($B$2:$B$27,MATCH(R11,$A$2:$A$27,0))-50)*(0.4)) -> 0 | U11: =IF(T11="",0,INDEX($C$2:$C$27,MATCH(T11,$A$2:$A$27,0))*0.4) -> 0
A12: 草5 | B12: 150 | C12: 55 | D12: 1 | E12: =COUNTIF(main!$F$2:$AD$271,data!A12) -> 0 | G12: 11 | H12: 250 | I12: 46195 | M12: =SUM(M2:M11) -> 588 | O12: =SUM(O2:O11) -> 1664 | S12: =SUM(S2:S11) -> 216 | U12: =SUM(U2:U11) -> 622
A13: 草6 | B13: 150 | C13: 60 | D13: 1 | E13: =COUNTIF(main!$F$2:$AD$271,data!A13) -> 0 | G13: 12 | H13: 250 | I13: 46196 | Q13: 总 | R13: 粮草节省 | S13: =M12+S12 -> 804 | T13: 经验加成 | U13: =O12+U12 -> 2286
A14: 遗迹 | B14: 150 | C14: 40 | D14: 1 | E14: =COUNTIF(main!$F$2:$AD$271,data!A14) -> 0 | G14: 13 | H14: 250 | I14: 46197 | K14: 批量生成分表：Alt+F11, insert Module
A15: 商人 | B15: 50 | C15: 30 | D15: 1 | E15: =COUNTIF(main!$F$2:$AD$271,data!A15) -> 0 | G15: 14 | H15: 250 | I15: 46198 | K15: Sub CopySheetMultipleTimes()
A16: 营地 | B16: -250 | C16: 0 | D16: -1 | E16: =COUNTIF(main!$F$2:$AD$271,data!A16) -> 0 | G16: 15 | H16: 250 | I16: 46199 | K16: Dim i As Integer
A17: 大卦 | B17: 250 | C17: 300 | D17: 1 | E17: =COUNTIF(main!$F$2:$AD$271,data!A17) -> 0 | G17: 16 | H17: 250 | I17: 46200 | K17: Dim n As Integer
A18: 3级卦 | B18: 170 | C18: 45 | D18: 1 | E18: =COUNTIF(main!$F$2:$AD$271,data!A18) -> 0 | G18: 17 | H18: 250 | I18: 46201 | K18: Dim baseName As String
A19: 飞雷 | B19: -50 | C19: 0 | D19: 0 | E19: =COUNTIF(main!$F$2:$AD$271,data!A19) -> 0 | G19: 18 | H19: 250 | I19: 46202
A20: 大boss | B20: 250 | C20: 1000 | D20: 1 | E20: =COUNTIF(main!$F$2:$AD$271,data!A20) -> 0 | G20: 19 | H20: 250 | I20: 46203 | K20: n = 87 ' <-- how many new sheets you want
A21: 中boss | B21: 250 | C21: 500 | D21: 1 | E21: =COUNTIF(main!$F$2:$AD$271,data!A21) -> 0 | G21: 20 | H21: 250 | I21: 46204 | K21: baseName = "3" ' <-- source sheet name
A22: 4级卦 | B22: 180 | C22: 50 | D22: 1 | E22: =COUNTIF(main!$F$2:$AD$271,data!A22) -> 0 | G22: 21 | H22: 200 | I22: 46205
A23: 塔1 | B23: 150 | C23: 35 | D23: 1 | E23: =COUNTIF(main!$F$2:$AD$271,data!A23) -> 0 | G23: 22 | H23: 200 | I23: 46206 | K23: For i = 1 To n
A24: 塔2 | B24: 150 | C24: 40 | D24: 1 | E24: =COUNTIF(main!$F$2:$AD$271,data!A24) -> 0 | G24: 23 | H24: 200 | I24: 46207 | K24: Sheets(baseName).Copy After:=Sheets(Sheets.Count)
A25: 塔3 | B25: 150 | C25: 45 | D25: 1 | E25: =COUNTIF(main!$F$2:$AD$271,data!A25) -> 0 | G25: 24 | H25: 200 | I25: 46208 | K25: ActiveSheet.Name = 3 + i
A26: 空 | B26: 0 | C26: 0 | D26: 0 | E26: =COUNTIF(main!$F$2:$AD$271,data!A26) -> 0 | G26: 25 | H26: 200 | I26: 46209 | K26: Next i
A27: 历练 | B27: 50 | C27: 520 | D27: 0 | E27: =COUNTIF(main!$F$2:$AD$271,data!A27) -> 0 | G27: 26 | H27: 200 | I27: 46210 | K27: End Sub
D28: 经验小计 | E28: {=SUM(C2:C27*E2:E27)} -> 0 | G28: 27 | H28: 200 | I28: 46211
D29: 总经验 | E29: =E28+7000+O12+U12 -> 9286 | G29: 28 | H29: 200 | I29: 46212
G30: 29 | H30: 200 | I30: 46213
G31: 30 | H31: 200 | I31: 46214
G32: 31 | H32: 200 | I32: 46215
G33: 32 | H33: 200 | I33: 46216
G34: 33 | H34: 200 | I34: 46217
G35: 34 | H35: 200 | I35: 46218
G36: 35 | H36: 200 | I36: 46219
G37: 36 | H37: 200 | I37: 46220
G38: 37 | H38: 200 | I38: 46221
G39: 38 | H39: 200 | I39: 46222
G40: 39 | H40: 200 | I40: 46223
G41: 40 | H41: 200 | I41: 46224
... G91: 90 | H91: 100 | I91: 46274

Sheet 1
A1: Day | B1: Date | D1: =HYPERLINK("#" &(A2+1)& "!A1","明日") -> 明日 | F1: 消耗粮草 | G1: 获得经验 | H1: 初始行动 | I1: 结束行动 | J1: 跳步 | AB1: =HYPERLINK("#Main!A1", "总表") -> 总表 | AC1: =IF(MIN(I2:I4)<0, "行动不足", "") | AD1: =IF(D4<0, "粮草不足", "")
A2: {=MID(CELL("filename",A4),FIND("]",CELL("filename",A4))+1,255)} -> 1 | B2: =INDEX(data!I2:I91,MATCH(A2*1,data!G2:G91,0)) -> 46185 | E2: 一队 | F2: =SUM(C9:AA9) -> 0 | G2: =SUM(C10:AA10) -> 0 | H2: 6 | I2: {=H2-SUM(IFERROR(INDEX(data!$D$2:$D$27,MATCH(C8:AA8,data!$A$2:$A$27,0)),0))} -> 6 | J2: {=SUM(IFERROR(VALUE(MID(IF(LEFT(C8:AA8,1)="跳",C8:AA8,""),2,10)),0))} -> 0
A3: 起始粮草 | B3: 消耗粮草 | C3: 调粮 | D3: 余粮 | E3: 二队 | F3: =SUM(C12:AA12) -> 0 | G3: =SUM(C13:AA13) -> 0 | H3: 6 | I3: {=H3-SUM(IFERROR(INDEX(data!$D$2:$D$27,MATCH(C11:AA11,data!$A$2:$A$27,0)),0))} -> 6 | J3: {=SUM(IFERROR(VALUE(MID(IF(LEFT(C11:AA11,1)="跳",C11:AA11,""),2,10)),0))} -> 0
A4: 6800 | B4: =SUM(F2:F4) -> 0 | C4: 0 | D4: =A4-B4+C4 -> 6800 | E4: 三队 | F4: =SUM(C15:AA15) -> 0 | G4: =SUM(C16:AA16) -> 0 | H4: 6 | I4: {=H4-SUM(IFERROR(INDEX(data!$D$2:$D$27,MATCH(C14:AA14,data!$A$2:$A$27,0)),0))} -> 6 | J4: {=SUM(IFERROR(VALUE(MID(IF(LEFT(C14:AA14,1)="跳",C14:AA14,""),2,10)),0))} -> 0
A5: 起始经验 | B5: 获得经验 | C5: 调分 | D5: 经验
A6: 0 | B6: =SUM(G2:G4) -> 0 | C6: 0 | D6: =A6+B6+C6 -> 0 | AC6: 跳 | AD6: 2
C7: 1 | D7: 2 | E7: 3 | F7: 4 | G7: 5 | H7: 6 | I7: 7 | J7: 8 | K7: 9 | L7: 10 | M7: 11 | N7: 12 | O7: 13 | P7: 14 | Q7: 15 | R7: 16 | S7: 17 | T7: 18 | U7: 19 | V7: 20 | W7: 21 | X7: 22 | Y7: 23 | Z7: 24 | AA7: 25 | AC7: =_xlfn.CONCAT(AC6,AD6) -> 跳2
B9: 粮草 | C9: =IF(LEFT(C8,1)="跳",RIGHT(C8,LEN(C8)-1)*10*IF(C$17="是",0.8,1),IF(C8="营地",-INDEX(data!$H$2:$H$91,MATCH($A$2*1,data!$G$2:$G$91,0))+50*IF(C$17="是",0.8,1),IFERROR(INDEX(data!$B$2:$B$27,MATCH(C8,data!$A$2:$A$27,0)),0)*IF(C$17="是",0.8,1))) -> 0 | D9: =IF(LEFT(D8,1)="跳",RIGHT(D8,LEN(D8)-1)*10*IF(D$17="是",0.8,1),IF(D8="营地",-INDEX(data!$H$2:$H$91,MATCH($A$2*1,data!$G$2:$G$91,0))+50*IF(D$17="是",0.8,1),IFERROR(INDEX(data!$B$2:$B$27,MATCH(D8,data!$A$2:$A$27,0)),0)*IF(D$17="是",0.8,1))) -> 0 | E9: =IF(LEFT(E8,1)="跳",RIGHT(E8,LEN(E8)-1)*10*IF(E$17="是",0.8,1),IF(E8="营地",-INDEX(data!$H$2:$H$91,MATCH($A$2*1,data!$G$2:$G$91,0))+50*IF(E$17="是",0.8,1),IFERROR(INDEX(data!$B$2:$B$27,MATCH(E8,data!$A$2:$A$27,0)),0)*IF(E$17="是",0.8,1))) -> 0 | F9: =IF(LEFT(F8,1)="跳",RIGHT(F8,LEN(F8)-1)*10*IF(F$17="是",0.8,1),IF(F8="营地",-INDEX(data!$H$2:$H$91,MATCH($A$2*1,data!$G$2:$G$91,0))+50*IF(F$17="是",0.8,1),IFERROR(INDEX(data!$B$2:$B$27,MATCH(F8,data!$A$2:$A$27,0)),0)*IF(F$17="是",0.8,1))) -> 0 | G9: =IF(LEFT(G8,1)="跳",RIGHT(G8,LEN(G8)-1)*10*IF(G$17="是",0.8,1),IF(G8="营地",-INDEX(data!$H$2:$H$91,MATCH($A$2*1,data!$G$2:$G$91,0))+50*IF(G$17="是",0.8,1),IFERROR(INDEX(data!$B$2:$B$27,MATCH(G8,data!$A$2:$A$27,0)),0)*IF(G$17="是",0.8,1))) -> 0 | H9: =IF(LEFT(H8,1)="跳",RIGHT(H8,LEN(H8)-1)*10*IF(H$17="是",0.8,1),IF(H8="营地",-INDEX(data!$H$2:$H$91,MATCH($A$2*1,data!$G$2:$G$91,0))+50*IF(H$17="是",0.8,1),IFERROR(INDEX(data!$B$2:$B$27,MATCH(H8,data!$A$2:$A$27,0)),0)*IF(H$17="是",0.8,1))) -> 0 | I9: =IF(LEFT(I8,1)="跳",RIGHT(I8,LEN(I8)-1)*10*IF(I$17="是",0.8,1),IF(I8="营地",-INDEX(data!$H$2:$H$91,MATCH($A$2*1,data!$G$2:$G$91,0))+50*IF(I$17="是",0.8,1),IFERROR(INDEX(data!$B$2:$B$27,MATCH(I8,data!$A$2:$A$27,0)),0)*IF(I$17="是",0.8,1))) -> 0 | J9: =IF(LEFT(J8,1)="跳",RIGHT(J8,LEN(J8)-1)*10*IF(J$17="是",0.8,1),IF(J8="营地",-INDEX(data!$H$2:$H$91,MATCH($A$2*1,data!$G$2:$G$91,0))+50*IF(J$17="是",0.8,1),IFERROR(INDEX(data!$B$2:$B$27,MATCH(J8,data!$A$2:$A$27,0)),0)*IF(J$17="是",0.8,1))) -> 0 | ... AA9: =IF(LEFT(AA8,1)="跳",RIGHT(AA8,LEN(AA8)-1)*10*IF(AA$17="是",0.8,1),IF(AA8="营地",-INDEX(data!$H$2:$H$91,MATCH($A$2*1,data!$G$2:$G$91,0))+50*IF(AA$17="是",0.8,1),IFERROR(INDEX(data!$B$2:$B$27,MATCH(AA8,data!$A$2:$A$27,0)),0)*IF(AA$17="是",0.8,1))) -> 0 | AC9: 2级
B10: 经验 | C10: =IFERROR(INDEX(data!$C$2:$C$27,MATCH(C8,data!$A$2:$A$27,0)),0) -> 0 | D10: =IFERROR(INDEX(data!$C$2:$C$27,MATCH(D8,data!$A$2:$A$27,0)),0) -> 0 | E10: =IFERROR(INDEX(data!$C$2:$C$27,MATCH(E8,data!$A$2:$A$27,0)),0) -> 0 | F10: =IFERROR(INDEX(data!$C$2:$C$27,MATCH(F8,data!$A$2:$A$27,0)),0) -> 0 | G10: =IFERROR(INDEX(data!$C$2:$C$27,MATCH(G8,data!$A$2:$A$27,0)),0) -> 0 | H10: =IFERROR(INDEX(data!$C$2:$C$27,MATCH(H8,data!$A$2:$A$27,0)),0) -> 0 | I10: =IFERROR(INDEX(data!$C$2:$C$27,MATCH(I8,data!$A$2:$A$27,0)),0) -> 0 | J10: =IFERROR(INDEX(data!$C$2:$C$27,MATCH(J8,data!$A$2:$A$27,0)),0) -> 0 | ... AA10: =IFERROR(INDEX(data!$C$2:$C$27,MATCH(AA8,data!$A$2:$A$27,0)),0) -> 0 | AC10: 3级
B12: 粮草 | C12: =IF(LEFT(C11,1)="跳",RIGHT(C11,LEN(C11)-1)*10*IF(C$17="是",0.8,1),IF(C11="营地",-INDEX(data!$H$2:$H$91,MATCH($A$2*1,data!$G$2:$G$91,0))+50*IF(C$17="是",0.8,1),IFERROR(INDEX(data!$B$2:$B$27,MATCH(C11,data!$A$2:$A$27,0)),0)*IF(C$17="是",0.8,1))) -> 0 | D12: =IF(LEFT(D11,1)="跳",RIGHT(D11,LEN(D11)-1)*10*IF(D$17="是",0.8,1),IF(D11="营地",-INDEX(data!$H$2:$H$91,MATCH($A$2*1,data!$G$2:$G$91,0))+50*IF(D$17="是",0.8,1),IFERROR(INDEX(data!$B$2:$B$27,MATCH(D11,data!$A$2:$A$27,0)),0)*IF(D$17="是",0.8,1))) -> 0 | E12: =IF(LEFT(E11,1)="跳",RIGHT(E11,LEN(E11)-1)*10*IF(E$17="是",0.8,1),IF(E11="营地",-INDEX(data!$H$2:$H$91,MATCH($A$2*1,data!$G$2:$G$91,0))+50*IF(E$17="是",0.8,1),IFERROR(INDEX(data!$B$2:$B$27,MATCH(E11,data!$A$2:$A$27,0)),0)*IF(E$17="是",0.8,1))) -> 0 | F12: =IF(LEFT(F11,1)="跳",RIGHT(F11,LEN(F11)-1)*10*IF(F$17="是",0.8,1),IF(F11="营地",-INDEX(data!$H$2:$H$91,MATCH($A$2*1,data!$G$2:$G$91,0))+50*IF(F$17="是",0.8,1),IFERROR(INDEX(data!$B$2:$B$27,MATCH(F11,data!$A$2:$A$27,0)),0)*IF(F$17="是",0.8,1))) -> 0 | G12: =IF(LEFT(G11,1)="跳",RIGHT(G11,LEN(G11)-1)*10*IF(G$17="是",0.8,1),IF(G11="营地",-INDEX(data!$H$2:$H$91,MATCH($A$2*1,data!$G$2:$G$91,0))+50*IF(G$17="是",0.8,1),IFERROR(INDEX(data!$B$2:$B$27,MATCH(G11,data!$A$2:$A$27,0)),0)*IF(G$17="是",0.8,1))) -> 0 | H12: =IF(LEFT(H11,1)="跳",RIGHT(H11,LEN(H11)-1)*10*IF(H$17="是",0.8,1),IF(H11="营地",-INDEX(data!$H$2:$H$91,MATCH($A$2*1,data!$G$2:$G$91,0))+50*IF(H$17="是",0.8,1),IFERROR(INDEX(data!$B$2:$B$27,MATCH(H11,data!$A$2:$A$27,0)),0)*IF(H$17="是",0.8,1))) -> 0 | I12: =IF(LEFT(I11,1)="跳",RIGHT(I11,LEN(I11)-1)*10*IF(I$17="是",0.8,1),IF(I11="营地",-INDEX(data!$H$2:$H$91,MATCH($A$2*1,data!$G$2:$G$91,0))+50*IF(I$17="是",0.8,1),IFERROR(INDEX(data!$B$2:$B$27,MATCH(I11,data!$A$2:$A$27,0)),0)*IF(I$17="是",0.8,1))) -> 0 | J12: =IF(LEFT(J11,1)="跳",RIGHT(J11,LEN(J11)-1)*10*IF(J$17="是",0.8,1),IF(J11="营地",-INDEX(data!$H$2:$H$91,MATCH($A$2*1,data!$G$2:$G$91,0))+50*IF(J$17="是",0.8,1),IFERROR(INDEX(data!$B$2:$B$27,MATCH(J11,data!$A$2:$A$27,0)),0)*IF(J$17="是",0.8,1))) -> 0 | ... AA12: =IF(LEFT(AA11,1)="跳",RIGHT(AA11,LEN(AA11)-1)*10*IF(AA$17="是",0.8,1),IF(AA11="营地",-INDEX(data!$H$2:$H$91,MATCH($A$2*1,data!$G$2:$G$91,0))+50*IF(AA$17="是",0.8,1),IFERROR(INDEX(data!$B$2:$B$27,MATCH(AA11,data!$A$2:$A$27,0)),0)*IF(AA$17="是",0.8,1))) -> 0 | AC12: 5级
B13: 经验 | C13: =IFERROR(INDEX(data!$C$2:$C$27,MATCH(C11,data!$A$2:$A$27,0)),0) -> 0 | D13: =IFERROR(INDEX(data!$C$2:$C$27,MATCH(D11,data!$A$2:$A$27,0)),0) -> 0 | E13: =IFERROR(INDEX(data!$C$2:$C$27,MATCH(E11,data!$A$2:$A$27,0)),0) -> 0 | F13: =IFERROR(INDEX(data!$C$2:$C$27,MATCH(F11,data!$A$2:$A$27,0)),0) -> 0 | G13: =IFERROR(INDEX(data!$C$2:$C$27,MATCH(G11,data!$A$2:$A$27,0)),0) -> 0 | H13: =IFERROR(INDEX(data!$C$2:$C$27,MATCH(H11,data!$A$2:$A$27,0)),0) -> 0 | I13: =IFERROR(INDEX(data!$C$2:$C$27,MATCH(I11,data!$A$2:$A$27,0)),0) -> 0 | J13: =IFERROR(INDEX(data!$C$2:$C$27,MATCH(J11,data!$A$2:$A$27,0)),0) -> 0 | ... AA13: =IFERROR(INDEX(data!$C$2:$C$27,MATCH(AA11,data!$A$2:$A$27,0)),0) -> 0 | AC13: 6级
B15: 粮草 | C15: =IF(LEFT(C14,1)="跳",RIGHT(C14,LEN(C14)-1)*10*IF(C$17="是",0.8,1),IF(C14="营地",-INDEX(data!$H$2:$H$91,MATCH($A$2*1,data!$G$2:$G$91,0))+50*IF(C$17="是",0.8,1),IFERROR(INDEX(data!$B$2:$B$27,MATCH(C14,data!$A$2:$A$27,0)),0)*IF(C$17="是",0.8,1))) -> 0 | D15: =IF(LEFT(D14,1)="跳",RIGHT(D14,LEN(D14)-1)*10*IF(D$17="是",0.8,1),IF(D14="营地",-INDEX(data!$H$2:$H$91,MATCH($A$2*1,data!$G$2:$G$91,0))+50*IF(D$17="是",0.8,1),IFERROR(INDEX(data!$B$2:$B$27,MATCH(D14,data!$A$2:$A$27,0)),0)*IF(D$17="是",0.8,1))) -> 0 | E15: =IF(LEFT(E14,1)="跳",RIGHT(E14,LEN(E14)-1)*10*IF(E$17="是",0.8,1),IF(E14="营地",-INDEX(data!$H$2:$H$91,MATCH($A$2*1,data!$G$2:$G$91,0))+50*IF(E$17="是",0.8,1),IFERROR(INDEX(data!$B$2:$B$27,MATCH(E14,data!$A$2:$A$27,0)),0)*IF(E$17="是",0.8,1))) -> 0 | F15: =IF(LEFT(F14,1)="跳",RIGHT(F14,LEN(F14)-1)*10*IF(F$17="是",0.8,1),IF(F14="营地",-INDEX(data!$H$2:$H$91,MATCH($A$2*1,data!$G$2:$G$91,0))+50*IF(F$17="是",0.8,1),IFERROR(INDEX(data!$B$2:$B$27,MATCH(F14,data!$A$2:$A$27,0)),0)*IF(F$17="是",0.8,1))) -> 0 | G15: =IF(LEFT(G14,1)="跳",RIGHT(G14,LEN(G14)-1)*10*IF(G$17="是",0.8,1),IF(G14="营地",-INDEX(data!$H$2:$H$91,MATCH($A$2*1,data!$G$2:$G$91,0))+50*IF(G$17="是",0.8,1),IFERROR(INDEX(data!$B$2:$B$27,MATCH(G14,data!$A$2:$A$27,0)),0)*IF(G$17="是",0.8,1))) -> 0 | H15: =IF(LEFT(H14,1)="跳",RIGHT(H14,LEN(H14)-1)*10*IF(H$17="是",0.8,1),IF(H14="营地",-INDEX(data!$H$2:$H$91,MATCH($A$2*1,data!$G$2:$G$91,0))+50*IF(H$17="是",0.8,1),IFERROR(INDEX(data!$B$2:$B$27,MATCH(H14,data!$A$2:$A$27,0)),0)*IF(H$17="是",0.8,1))) -> 0 | I15: =IF(LEFT(I14,1)="跳",RIGHT(I14,LEN(I14)-1)*10*IF(I$17="是",0.8,1),IF(I14="营地",-INDEX(data!$H$2:$H$91,MATCH($A$2*1,data!$G$2:$G$91,0))+50*IF(I$17="是",0.8,1),IFERROR(INDEX(data!$B$2:$B$27,MATCH(I14,data!$A$2:$A$27,0)),0)*IF(I$17="是",0.8,1))) -> 0 | J15: =IF(LEFT(J14,1)="跳",RIGHT(J14,LEN(J14)-1)*10*IF(J$17="是",0.8,1),IF(J14="营地",-INDEX(data!$H$2:$H$91,MATCH($A$2*1,data!$G$2:$G$91,0))+50*IF(J$17="是",0.8,1),IFERROR(INDEX(data!$B$2:$B$27,MATCH(J14,data!$A$2:$A$27,0)),0)*IF(J$17="是",0.8,1))) -> 0 | ... AA15: =IF(LEFT(AA14,1)="跳",RIGHT(AA14,LEN(AA14)-1)*10*IF(AA$17="是",0.8,1),IF(AA14="营地",-INDEX(data!$H$2:$H$91,MATCH($A$2*1,data!$G$2:$G$91,0))+50*IF(AA$17="是",0.8,1),IFERROR(INDEX(data!$B$2:$B$27,MATCH(AA14,data!$A$2:$A$27,0)),0)*IF(AA$17="是",0.8,1))) -> 0 | AC15: 草2
B16: 经验 | C16: =IFERROR(INDEX(data!$C$2:$C$27,MATCH(C14,data!$A$2:$A$27,0)),0) -> 0 | D16: =IFERROR(INDEX(data!$C$2:$C$27,MATCH(D14,data!$A$2:$A$27,0)),0) -> 0 | E16: =IFERROR(INDEX(data!$C$2:$C$27,MATCH(E14,data!$A$2:$A$27,0)),0) -> 0 | F16: =IFERROR(INDEX(data!$C$2:$C$27,MATCH(F14,data!$A$2:$A$27,0)),0) -> 0 | G16: =IFERROR(INDEX(data!$C$2:$C$27,MATCH(G14,data!$A$2:$A$27,0)),0) -> 0 | H16: =IFERROR(INDEX(data!$C$2:$C$27,MATCH(H14,data!$A$2:$A$27,0)),0) -> 0 | I16: =IFERROR(INDEX(data!$C$2:$C$27,MATCH(I14,data!$A$2:$A$27,0)),0) -> 0 | J16: =IFERROR(INDEX(data!$C$2:$C$27,MATCH(J14,data!$A$2:$A$27,0)),0) -> 0 | ... AA16: =IFERROR(INDEX(data!$C$2:$C$27,MATCH(AA14,data!$A$2:$A$27,0)),0) -> 0 | AC16: 草3
B17: 八卦齐 | C17: 否 | D17: 否 | E17: 否 | F17: 否 | G17: 否 | H17: 否 | I17: 否 | J17: 否 | K17: 否 | L17: 否 | M17: 否 | N17: 否 | O17: 否 | P17: 否 | Q17: 否 | R17: 否 | S17: 否 | T17: 否 | U17: 否 | V17: 否 | W17: 否 | X17: 否 | Y17: 否 | Z17: 否 | AA17: 否 | AC17: 草4
AC18: 草5
AC19: 草6
AC20: 遗迹
AC21: 商人
AC22: 营地
AC23: 大卦
AC24: 3级卦
AC25: 巨卦
AC26: 大boss
AC27: 中boss
AC28: 4级卦
AC29: 塔1
... AC33: 历练

Sheet 2
A1: Day | B1: Date | C1: =HYPERLINK("#" & (A2-1) & "!A1", "昨日") -> 昨日 | D1: =HYPERLINK("#" &(A2+1)& "!A1","明日") -> 明日 | F1: 消耗粮草 | G1: 获得经验 | H1: 初始行动 | I1: 结束行动 | J1: 跳步 | AB1: =HYPERLINK("#Main!A1", "总表") -> 总表 | AC1: =IF(MIN(H2:H4)<0, "行动不足", "") | AD1: =IF(D4<0, "粮草不足", "")
A2: {=MID(CELL("filename",A4),FIND("]",CELL("filename",A4))+1,255)} -> 2 | B2: =INDEX(data!I2:I91,MATCH(A2*1,data!G2:G91,0)) -> 46186 | E2: 一队 | F2: =SUM(C9:AA9) -> 0 | G2: =SUM(C10:AA10) -> 0 | H2: {=MIN(18,INDIRECT("'"&$A$2-1&"'!I2")+6)} -> 12 | I2: {=H2-SUM(IFERROR(INDEX(data!$D$2:$D$27,MATCH(C8:AA8,data!$A$2:$A$27,0)),0))} -> 12 | J2: {=SUM(IFERROR(VALUE(MID(IF(LEFT(C8:AA8,1)="跳",C8:AA8,""),2,10)),0))} -> 0
A3: 起始粮草 | B3: 消耗粮草 | C3: 调粮 | D3: 余粮 | E3: 二队 | F3: =SUM(C12:AA12) -> 0 | G3: =SUM(C13:AA13) -> 0 | H3: {=MIN(18,INDIRECT("'"&$A$2-1&"'!I3")+6)} -> 12 | I3: {=H3-SUM(IFERROR(INDEX(data!$D$2:$D$27,MATCH(C11:AA11,data!$A$2:$A$27,0)),0))} -> 12 | J3: {=SUM(IFERROR(VALUE(MID(IF(LEFT(C11:AA11,1)="跳",C11:AA11,""),2,10)),0))} -> 0
A4: {=INDIRECT("'"&A2-1&"'!D4")+1600} -> 8400 | B4: =SUM(F2:F4) -> 0 | C4: 0 | D4: =A4-B4+C4 -> 8400 | E4: 三队 | F4: =SUM(C15:AA15) -> 0 | G4: =SUM(C16:AA16) -> 0 | H4: {=MIN(18,INDIRECT("'"&$A$2-1&"'!I4")+6)} -> 12 | I4: {=H4-SUM(IFERROR(INDEX(data!$D$2:$D$27,MATCH(C14:AA14,data!$A$2:$A$27,0)),0))} -> 12 | J4: {=SUM(IFERROR(VALUE(MID(IF(LEFT(C14:AA14,1)="跳",C14:AA14,""),2,10)),0))} -> 0
A5: 起始经验 | B5: 获得经验 | C5: 调分 | D5: 经验
A6: {=INDIRECT("'"&A2-1&"'!D6")} -> 0 | B6: =SUM(G2:G4) -> 0 | C6: 0 | D6: =A6+B6+C6 -> 0 | AC6: 跳 | AD6: 1
C7: 1 | D7: 2 | E7: 3 | F7: 4 | G7: 5 | H7: 6 | I7: 7 | J7: 8 | K7: 9 | L7: 10 | M7: 11 | N7: 12 | O7: 13 | P7: 14 | Q7: 15 | R7: 16 | S7: 17 | T7: 18 | U7: 19 | V7: 20 | W7: 21 | X7: 22 | Y7: 23 | Z7: 24 | AA7: 25 | AC7: =_xlfn.CONCAT(AC6,AD6) -> 跳1
B9: 粮草 | C9: =IF(LEFT(C8,1)="跳",RIGHT(C8,LEN(C8)-1)*10*IF(C$17="是",0.8,1),IF(C8="营地",-INDEX(data!$H$2:$H$91,MATCH($A$2*1,data!$G$2:$G$91,0))+50*IF(C$17="是",0.8,1),IFERROR(INDEX(data!$B$2:$B$27,MATCH(C8,data!$A$2:$A$27,0)),0)*IF(C$17="是",0.8,1))) -> 0 | D9: =IF(LEFT(D8,1)="跳",RIGHT(D8,LEN(D8)-1)*10*IF(D$17="是",0.8,1),IF(D8="营地",-INDEX(data!$H$2:$H$91,MATCH($A$2*1,data!$G$2:$G$91,0))+50*IF(D$17="是",0.8,1),IFERROR(INDEX(data!$B$2:$B$27,MATCH(D8,data!$A$2:$A$27,0)),0)*IF(D$17="是",0.8,1))) -> 0 | E9: =IF(LEFT(E8,1)="跳",RIGHT(E8,LEN(E8)-1)*10*IF(E$17="是",0.8,1),IF(E8="营地",-INDEX(data!$H$2:$H$91,MATCH($A$2*1,data!$G$2:$G$91,0))+50*IF(E$17="是",0.8,1),IFERROR(INDEX(data!$B$2:$B$27,MATCH(E8,data!$A$2:$A$27,0)),0)*IF(E$17="是",0.8,1))) -> 0 | F9: =IF(LEFT(F8,1)="跳",RIGHT(F8,LEN(F8)-1)*10*IF(F$17="是",0.8,1),IF(F8="营地",-INDEX(data!$H$2:$H$91,MATCH($A$2*1,data!$G$2:$G$91,0))+50*IF(F$17="是",0.8,1),IFERROR(INDEX(data!$B$2:$B$27,MATCH(F8,data!$A$2:$A$27,0)),0)*IF(F$17="是",0.8,1))) -> 0 | G9: =IF(LEFT(G8,1)="跳",RIGHT(G8,LEN(G8)-1)*10*IF(G$17="是",0.8,1),IF(G8="营地",-INDEX(data!$H$2:$H$91,MATCH($A$2*1,data!$G$2:$G$91,0))+50*IF(G$17="是",0.8,1),IFERROR(INDEX(data!$B$2:$B$27,MATCH(G8,data!$A$2:$A$27,0)),0)*IF(G$17="是",0.8,1))) -> 0 | H9: =IF(LEFT(H8,1)="跳",RIGHT(H8,LEN(H8)-1)*10*IF(H$17="是",0.8,1),IF(H8="营地",-INDEX(data!$H$2:$H$91,MATCH($A$2*1,data!$G$2:$G$91,0))+50*IF(H$17="是",0.8,1),IFERROR(INDEX(data!$B$2:$B$27,MATCH(H8,data!$A$2:$A$27,0)),0)*IF(H$17="是",0.8,1))) -> 0 | I9: =IF(LEFT(I8,1)="跳",RIGHT(I8,LEN(I8)-1)*10*IF(I$17="是",0.8,1),IF(I8="营地",-INDEX(data!$H$2:$H$91,MATCH($A$2*1,data!$G$2:$G$91,0))+50*IF(I$17="是",0.8,1),IFERROR(INDEX(data!$B$2:$B$27,MATCH(I8,data!$A$2:$A$27,0)),0)*IF(I$17="是",0.8,1))) -> 0 | J9: =IF(LEFT(J8,1)="跳",RIGHT(J8,LEN(J8)-1)*10*IF(J$17="是",0.8,1),IF(J8="营地",-INDEX(data!$H$2:$H$91,MATCH($A$2*1,data!$G$2:$G$91,0))+50*IF(J$17="是",0.8,1),IFERROR(INDEX(data!$B$2:$B$27,MATCH(J8,data!$A$2:$A$27,0)),0)*IF(J$17="是",0.8,1))) -> 0 | ... AA9: =IF(LEFT(AA8,1)="跳",RIGHT(AA8,LEN(AA8)-1)*10*IF(AA$17="是",0.8,1),IF(AA8="营地",-INDEX(data!$H$2:$H$91,MATCH($A$2*1,data!$G$2:$G$91,0))+50*IF(AA$17="是",0.8,1),IFERROR(INDEX(data!$B$2:$B$27,MATCH(AA8,data!$A$2:$A$27,0)),0)*IF(AA$17="是",0.8,1))) -> 0 | AC9: 2级
B10: 经验 | C10: =IFERROR(INDEX(data!$C$2:$C$27,MATCH(C8,data!$A$2:$A$27,0)),0) -> 0 | D10: =IFERROR(INDEX(data!$C$2:$C$27,MATCH(D8,data!$A$2:$A$27,0)),0) -> 0 | E10: =IFERROR(INDEX(data!$C$2:$C$27,MATCH(E8,data!$A$2:$A$27,0)),0) -> 0 | F10: =IFERROR(INDEX(data!$C$2:$C$27,MATCH(F8,data!$A$2:$A$27,0)),0) -> 0 | G10: =IFERROR(INDEX(data!$C$2:$C$27,MATCH(G8,data!$A$2:$A$27,0)),0) -> 0 | H10: =IFERROR(INDEX(data!$C$2:$C$27,MATCH(H8,data!$A$2:$A$27,0)),0) -> 0 | I10: =IFERROR(INDEX(data!$C$2:$C$27,MATCH(I8,data!$A$2:$A$27,0)),0) -> 0 | J10: =IFERROR(INDEX(data!$C$2:$C$27,MATCH(J8,data!$A$2:$A$27,0)),0) -> 0 | ... AA10: =IFERROR(INDEX(data!$C$2:$C$27,MATCH(AA8,data!$A$2:$A$27,0)),0) -> 0 | AC10: 3级
B12: 粮草 | C12: =IF(LEFT(C11,1)="跳",RIGHT(C11,LEN(C11)-1)*10*IF(C$17="是",0.8,1),IF(C11="营地",-INDEX(data!$H$2:$H$91,MATCH($A$2*1,data!$G$2:$G$91,0))+50*IF(C$17="是",0.8,1),IFERROR(INDEX(data!$B$2:$B$27,MATCH(C11,data!$A$2:$A$27,0)),0)*IF(C$17="是",0.8,1))) -> 0 | D12: =IF(LEFT(D11,1)="跳",RIGHT(D11,LEN(D11)-1)*10*IF(D$17="是",0.8,1),IF(D11="营地",-INDEX(data!$H$2:$H$91,MATCH($A$2*1,data!$G$2:$G$91,0))+50*IF(D$17="是",0.8,1),IFERROR(INDEX(data!$B$2:$B$27,MATCH(D11,data!$A$2:$A$27,0)),0)*IF(D$17="是",0.8,1))) -> 0 | E12: =IF(LEFT(E11,1)="跳",RIGHT(E11,LEN(E11)-1)*10*IF(E$17="是",0.8,1),IF(E11="营地",-INDEX(data!$H$2:$H$91,MATCH($A$2*1,data!$G$2:$G$91,0))+50*IF(E$17="是",0.8,1),IFERROR(INDEX(data!$B$2:$B$27,MATCH(E11,data!$A$2:$A$27,0)),0)*IF(E$17="是",0.8,1))) -> 0 | F12: =IF(LEFT(F11,1)="跳",RIGHT(F11,LEN(F11)-1)*10*IF(F$17="是",0.8,1),IF(F11="营地",-INDEX(data!$H$2:$H$91,MATCH($A$2*1,data!$G$2:$G$91,0))+50*IF(F$17="是",0.8,1),IFERROR(INDEX(data!$B$2:$B$27,MATCH(F11,data!$A$2:$A$27,0)),0)*IF(F$17="是",0.8,1))) -> 0 | G12: =IF(LEFT(G11,1)="跳",RIGHT(G11,LEN(G11)-1)*10*IF(G$17="是",0.8,1),IF(G11="营地",-INDEX(data!$H$2:$H$91,MATCH($A$2*1,data!$G$2:$G$91,0))+50*IF(G$17="是",0.8,1),IFERROR(INDEX(data!$B$2:$B$27,MATCH(G11,data!$A$2:$A$27,0)),0)*IF(G$17="是",0.8,1))) -> 0 | H12: =IF(LEFT(H11,1)="跳",RIGHT(H11,LEN(H11)-1)*10*IF(H$17="是",0.8,1),IF(H11="营地",-INDEX(data!$H$2:$H$91,MATCH($A$2*1,data!$G$2:$G$91,0))+50*IF(H$17="是",0.8,1),IFERROR(INDEX(data!$B$2:$B$27,MATCH(H11,data!$A$2:$A$27,0)),0)*IF(H$17="是",0.8,1))) -> 0 | I12: =IF(LEFT(I11,1)="跳",RIGHT(I11,LEN(I11)-1)*10*IF(I$17="是",0.8,1),IF(I11="营地",-INDEX(data!$H$2:$H$91,MATCH($A$2*1,data!$G$2:$G$91,0))+50*IF(I$17="是",0.8,1),IFERROR(INDEX(data!$B$2:$B$27,MATCH(I11,data!$A$2:$A$27,0)),0)*IF(I$17="是",0.8,1))) -> 0 | J12: =IF(LEFT(J11,1)="跳",RIGHT(J11,LEN(J11)-1)*10*IF(J$17="是",0.8,1),IF(J11="营地",-INDEX(data!$H$2:$H$91,MATCH($A$2*1,data!$G$2:$G$91,0))+50*IF(J$17="是",0.8,1),IFERROR(INDEX(data!$B$2:$B$27,MATCH(J11,data!$A$2:$A$27,0)),0)*IF(J$17="是",0.8,1))) -> 0 | ... AA12: =IF(LEFT(AA11,1)="跳",RIGHT(AA11,LEN(AA11)-1)*10*IF(AA$17="是",0.8,1),IF(AA11="营地",-INDEX(data!$H$2:$H$91,MATCH($A$2*1,data!$G$2:$G$91,0))+50*IF(AA$17="是",0.8,1),IFERROR(INDEX(data!$B$2:$B$27,MATCH(AA11,data!$A$2:$A$27,0)),0)*IF(AA$17="是",0.8,1))) -> 0 | AC12: 5级
B13: 经验 | C13: =IFERROR(INDEX(data!$C$2:$C$27,MATCH(C11,data!$A$2:$A$27,0)),0) -> 0 | D13: =IFERROR(INDEX(data!$C$2:$C$27,MATCH(D11,data!$A$2:$A$27,0)),0) -> 0 | E13: =IFERROR(INDEX(data!$C$2:$C$27,MATCH(E11,data!$A$2:$A$27,0)),0) -> 0 | F13: =IFERROR(INDEX(data!$C$2:$C$27,MATCH(F11,data!$A$2:$A$27,0)),0) -> 0 | G13: =IFERROR(INDEX(data!$C$2:$C$27,MATCH(G11,data!$A$2:$A$27,0)),0) -> 0 | H13: =IFERROR(INDEX(data!$C$2:$C$27,MATCH(H11,data!$A$2:$A$27,0)),0) -> 0 | I13: =IFERROR(INDEX(data!$C$2:$C$27,MATCH(I11,data!$A$2:$A$27,0)),0) -> 0 | J13: =IFERROR(INDEX(data!$C$2:$C$27,MATCH(J11,data!$A$2:$A$27,0)),0) -> 0 | ... AA13: =IFERROR(INDEX(data!$C$2:$C$27,MATCH(AA11,data!$A$2:$A$27,0)),0) -> 0 | AC13: 6级
B15: 粮草 | C15: =IF(LEFT(C14,1)="跳",RIGHT(C14,LEN(C14)-1)*10*IF(C$17="是",0.8,1),IF(C14="营地",-INDEX(data!$H$2:$H$91,MATCH($A$2*1,data!$G$2:$G$91,0))+50*IF(C$17="是",0.8,1),IFERROR(INDEX(data!$B$2:$B$27,MATCH(C14,data!$A$2:$A$27,0)),0)*IF(C$17="是",0.8,1))) -> 0 | D15: =IF(LEFT(D14,1)="跳",RIGHT(D14,LEN(D14)-1)*10*IF(D$17="是",0.8,1),IF(D14="营地",-INDEX(data!$H$2:$H$91,MATCH($A$2*1,data!$G$2:$G$91,0))+50*IF(D$17="是",0.8,1),IFERROR(INDEX(data!$B$2:$B$27,MATCH(D14,data!$A$2:$A$27,0)),0)*IF(D$17="是",0.8,1))) -> 0 | E15: =IF(LEFT(E14,1)="跳",RIGHT(E14,LEN(E14)-1)*10*IF(E$17="是",0.8,1),IF(E14="营地",-INDEX(data!$H$2:$H$91,MATCH($A$2*1,data!$G$2:$G$91,0))+50*IF(E$17="是",0.8,1),IFERROR(INDEX(data!$B$2:$B$27,MATCH(E14,data!$A$2:$A$27,0)),0)*IF(E$17="是",0.8,1))) -> 0 | F15: =IF(LEFT(F14,1)="跳",RIGHT(F14,LEN(F14)-1)*10*IF(F$17="是",0.8,1),IF(F14="营地",-INDEX(data!$H$2:$H$91,MATCH($A$2*1,data!$G$2:$G$91,0))+50*IF(F$17="是",0.8,1),IFERROR(INDEX(data!$B$2:$B$27,MATCH(F14,data!$A$2:$A$27,0)),0)*IF(F$17="是",0.8,1))) -> 0 | G15: =IF(LEFT(G14,1)="跳",RIGHT(G14,LEN(G14)-1)*10*IF(G$17="是",0.8,1),IF(G14="营地",-INDEX(data!$H$2:$H$91,MATCH($A$2*1,data!$G$2:$G$91,0))+50*IF(G$17="是",0.8,1),IFERROR(INDEX(data!$B$2:$B$27,MATCH(G14,data!$A$2:$A$27,0)),0)*IF(G$17="是",0.8,1))) -> 0 | H15: =IF(LEFT(H14,1)="跳",RIGHT(H14,LEN(H14)-1)*10*IF(H$17="是",0.8,1),IF(H14="营地",-INDEX(data!$H$2:$H$91,MATCH($A$2*1,data!$G$2:$G$91,0))+50*IF(H$17="是",0.8,1),IFERROR(INDEX(data!$B$2:$B$27,MATCH(H14,data!$A$2:$A$27,0)),0)*IF(H$17="是",0.8,1))) -> 0 | I15: =IF(LEFT(I14,1)="跳",RIGHT(I14,LEN(I14)-1)*10*IF(I$17="是",0.8,1),IF(I14="营地",-INDEX(data!$H$2:$H$91,MATCH($A$2*1,data!$G$2:$G$91,0))+50*IF(I$17="是",0.8,1),IFERROR(INDEX(data!$B$2:$B$27,MATCH(I14,data!$A$2:$A$27,0)),0)*IF(I$17="是",0.8,1))) -> 0 | J15: =IF(LEFT(J14,1)="跳",RIGHT(J14,LEN(J14)-1)*10*IF(J$17="是",0.8,1),IF(J14="营地",-INDEX(data!$H$2:$H$91,MATCH($A$2*1,data!$G$2:$G$91,0))+50*IF(J$17="是",0.8,1),IFERROR(INDEX(data!$B$2:$B$27,MATCH(J14,data!$A$2:$A$27,0)),0)*IF(J$17="是",0.8,1))) -> 0 | ... AA15: =IF(LEFT(AA14,1)="跳",RIGHT(AA14,LEN(AA14)-1)*10*IF(AA$17="是",0.8,1),IF(AA14="营地",-INDEX(data!$H$2:$H$91,MATCH($A$2*1,data!$G$2:$G$91,0))+50*IF(AA$17="是",0.8,1),IFERROR(INDEX(data!$B$2:$B$27,MATCH(AA14,data!$A$2:$A$27,0)),0)*IF(AA$17="是",0.8,1))) -> 0 | AC15: 草2
B16: 经验 | C16: =IFERROR(INDEX(data!$C$2:$C$27,MATCH(C14,data!$A$2:$A$27,0)),0) -> 0 | D16: =IFERROR(INDEX(data!$C$2:$C$27,MATCH(D14,data!$A$2:$A$27,0)),0) -> 0 | E16: =IFERROR(INDEX(data!$C$2:$C$27,MATCH(E14,data!$A$2:$A$27,0)),0) -> 0 | F16: =IFERROR(INDEX(data!$C$2:$C$27,MATCH(F14,data!$A$2:$A$27,0)),0) -> 0 | G16: =IFERROR(INDEX(data!$C$2:$C$27,MATCH(G14,data!$A$2:$A$27,0)),0) -> 0 | H16: =IFERROR(INDEX(data!$C$2:$C$27,MATCH(H14,data!$A$2:$A$27,0)),0) -> 0 | I16: =IFERROR(INDEX(data!$C$2:$C$27,MATCH(I14,data!$A$2:$A$27,0)),0) -> 0 | J16: =IFERROR(INDEX(data!$C$2:$C$27,MATCH(J14,data!$A$2:$A$27,0)),0) -> 0 | ... AA16: =IFERROR(INDEX(data!$C$2:$C$27,MATCH(AA14,data!$A$2:$A$27,0)),0) -> 0 | AC16: 草3
B17: 八卦齐 | C17: 否 | D17: 否 | E17: 否 | F17: 否 | G17: 否 | H17: 否 | I17: 否 | J17: 否 | K17: 否 | L17: 否 | M17: 否 | N17: 否 | O17: 否 | P17: 否 | Q17: 否 | R17: 否 | S17: 否 | T17: 否 | U17: 否 | V17: 否 | W17: 否 | X17: 否 | Y17: 否 | Z17: 否 | AA17: 否 | AC17: 草4
AC18: 草5
AC19: 草6
AC20: 遗迹
AC21: 商人
AC22: 营地
AC23: 大卦
AC24: 3级卦
AC25: 巨卦
AC26: 大boss
AC27: 中boss
AC28: 4级卦
AC29: 塔1
... AC33: 历练

Sheet 3
A1: Day | B1: Date | C1: =HYPERLINK("#" & (A2-1) & "!A1", "昨日") -> 昨日 | D1: =HYPERLINK("#" &(A2+1)& "!A1","明日") -> 明日 | F1: 消耗粮草 | G1: 获得经验 | H1: 初始行动 | I1: 结束行动 | J1: 跳步 | AB1: =HYPERLINK("#Main!A1", "总表") -> 总表 | AC1: =IF(MIN(H2:H4)<0, "行动不足", "") | AD1: =IF(D4<0, "粮草不足", "")
A2: {=MID(CELL("filename",A4),FIND("]",CELL("filename",A4))+1,255)} -> 3 | B2: =INDEX(data!I2:I91,MATCH(A2*1,data!G2:G91,0)) -> 46187 | E2: 一队 | F2: =SUM(C9:AA9) -> 0 | G2: =SUM(C10:AA10) -> 0 | H2: {=MIN(18,INDIRECT("'"&$A$2-1&"'!I2")+6)} -> 18 | I2: {=H2-SUM(IFERROR(INDEX(data!$D$2:$D$27,MATCH(C8:AA8,data!$A$2:$A$27,0)),0))} -> 18 | J2: {=SUM(IFERROR(VALUE(MID(IF(LEFT(C8:AA8,1)="跳",C8:AA8,""),2,10)),0))} -> 0
A3: 起始粮草 | B3: 消耗粮草 | C3: 调粮 | D3: 余粮 | E3: 二队 | F3: =SUM(C12:AA12) -> 0 | G3: =SUM(C13:AA13) -> 0 | H3: {=MIN(18,INDIRECT("'"&$A$2-1&"'!I3")+6)} -> 18 | I3: {=H3-SUM(IFERROR(INDEX(data!$D$2:$D$27,MATCH(C11:AA11,data!$A$2:$A$27,0)),0))} -> 18 | J3: {=SUM(IFERROR(VALUE(MID(IF(LEFT(C11:AA11,1)="跳",C11:AA11,""),2,10)),0))} -> 0
A4: {=INDIRECT("'"&A2-1&"'!D4")+1600} -> 10000 | B4: =SUM(F2:F4) -> 0 | C4: 0 | D4: =A4-B4+C4 -> 10000 | E4: 三队 | F4: =SUM(C15:AA15) -> 0 | G4: =SUM(C16:AA16) -> 0 | H4: {=MIN(18,INDIRECT("'"&$A$2-1&"'!I4")+6)} -> 18 | I4: {=H4-SUM(IFERROR(INDEX(data!$D$2:$D$27,MATCH(C14:AA14,data!$A$2:$A$27,0)),0))+5} -> 23 | J4: {=SUM(IFERROR(VALUE(MID(IF(LEFT(C14:AA14,1)="跳",C14:AA14,""),2,10)),0))} -> 0
A5: 起始经验 | B5: 获得经验 | C5: 调分 | D5: 经验
A6: {=INDIRECT("'"&A2-1&"'!D6")} -> 0 | B6: =SUM(G2:G4) -> 0 | C6: 0 | D6: =A6+B6+C6 -> 0 | AC6: 跳 | AD6: 1
C7: 1 | D7: 2 | E7: 3 | F7: 4 | G7: 5 | H7: 6 | I7: 7 | J7: 8 | K7: 9 | L7: 10 | M7: 11 | N7: 12 | O7: 13 | P7: 14 | Q7: 15 | R7: 16 | S7: 17 | T7: 18 | U7: 19 | V7: 20 | W7: 21 | X7: 22 | Y7: 23 | Z7: 24 | AA7: 25 | AC7: =_xlfn.CONCAT(AC6,AD6) -> 跳1
B9: 粮草 | C9: =IF(LEFT(C8,1)="跳",RIGHT(C8,LEN(C8)-1)*10*IF(C$17="是",0.8,1),IF(C8="营地",-INDEX(data!$H$2:$H$91,MATCH($A$2*1,data!$G$2:$G$91,0))+50*IF(C$17="是",0.8,1),IFERROR(INDEX(data!$B$2:$B$27,MATCH(C8,data!$A$2:$A$27,0)),0)*IF(C$17="是",0.8,1))) -> 0 | D9: =IF(LEFT(D8,1)="跳",RIGHT(D8,LEN(D8)-1)*10*IF(D$17="是",0.8,1),IF(D8="营地",-INDEX(data!$H$2:$H$91,MATCH($A$2*1,data!$G$2:$G$91,0))+50*IF(D$17="是",0.8,1),IFERROR(INDEX(data!$B$2:$B$27,MATCH(D8,data!$A$2:$A$27,0)),0)*IF(D$17="是",0.8,1))) -> 0 | E9: =IF(LEFT(E8,1)="跳",RIGHT(E8,LEN(E8)-1)*10*IF(E$17="是",0.8,1),IF(E8="营地",-INDEX(data!$H$2:$H$91,MATCH($A$2*1,data!$G$2:$G$91,0))+50*IF(E$17="是",0.8,1),IFERROR(INDEX(data!$B$2:$B$27,MATCH(E8,data!$A$2:$A$27,0)),0)*IF(E$17="是",0.8,1))) -> 0 | F9: =IF(LEFT(F8,1)="跳",RIGHT(F8,LEN(F8)-1)*10*IF(F$17="是",0.8,1),IF(F8="营地",-INDEX(data!$H$2:$H$91,MATCH($A$2*1,data!$G$2:$G$91,0))+50*IF(F$17="是",0.8,1),IFERROR(INDEX(data!$B$2:$B$27,MATCH(F8,data!$A$2:$A$27,0)),0)*IF(F$17="是",0.8,1))) -> 0 | G9: =IF(LEFT(G8,1)="跳",RIGHT(G8,LEN(G8)-1)*10*IF(G$17="是",0.8,1),IF(G8="营地",-INDEX(data!$H$2:$H$91,MATCH($A$2*1,data!$G$2:$G$91,0))+50*IF(G$17="是",0.8,1),IFERROR(INDEX(data!$B$2:$B$27,MATCH(G8,data!$A$2:$A$27,0)),0)*IF(G$17="是",0.8,1))) -> 0 | H9: =IF(LEFT(H8,1)="跳",RIGHT(H8,LEN(H8)-1)*10*IF(H$17="是",0.8,1),IF(H8="营地",-INDEX(data!$H$2:$H$91,MATCH($A$2*1,data!$G$2:$G$91,0))+50*IF(H$17="是",0.8,1),IFERROR(INDEX(data!$B$2:$B$27,MATCH(H8,data!$A$2:$A$27,0)),0)*IF(H$17="是",0.8,1))) -> 0 | I9: =IF(LEFT(I8,1)="跳",RIGHT(I8,LEN(I8)-1)*10*IF(I$17="是",0.8,1),IF(I8="营地",-INDEX(data!$H$2:$H$91,MATCH($A$2*1,data!$G$2:$G$91,0))+50*IF(I$17="是",0.8,1),IFERROR(INDEX(data!$B$2:$B$27,MATCH(I8,data!$A$2:$A$27,0)),0)*IF(I$17="是",0.8,1))) -> 0 | J9: =IF(LEFT(J8,1)="跳",RIGHT(J8,LEN(J8)-1)*10*IF(J$17="是",0.8,1),IF(J8="营地",-INDEX(data!$H$2:$H$91,MATCH($A$2*1,data!$G$2:$G$91,0))+50*IF(J$17="是",0.8,1),IFERROR(INDEX(data!$B$2:$B$27,MATCH(J8,data!$A$2:$A$27,0)),0)*IF(J$17="是",0.8,1))) -> 0 | ... AA9: =IF(LEFT(AA8,1)="跳",RIGHT(AA8,LEN(AA8)-1)*10*IF(AA$17="是",0.8,1),IF(AA8="营地",-INDEX(data!$H$2:$H$91,MATCH($A$2*1,data!$G$2:$G$91,0))+50*IF(AA$17="是",0.8,1),IFERROR(INDEX(data!$B$2:$B$27,MATCH(AA8,data!$A$2:$A$27,0)),0)*IF(AA$17="是",0.8,1))) -> 0 | AC9: 2级
B10: 经验 | C10: =IFERROR(INDEX(data!$C$2:$C$27,MATCH(C8,data!$A$2:$A$27,0)),0) -> 0 | D10: =IFERROR(INDEX(data!$C$2:$C$27,MATCH(D8,data!$A$2:$A$27,0)),0) -> 0 | E10: =IFERROR(INDEX(data!$C$2:$C$27,MATCH(E8,data!$A$2:$A$27,0)),0) -> 0 | F10: =IFERROR(INDEX(data!$C$2:$C$27,MATCH(F8,data!$A$2:$A$27,0)),0) -> 0 | G10: =IFERROR(INDEX(data!$C$2:$C$27,MATCH(G8,data!$A$2:$A$27,0)),0) -> 0 | H10: =IFERROR(INDEX(data!$C$2:$C$27,MATCH(H8,data!$A$2:$A$27,0)),0) -> 0 | I10: =IFERROR(INDEX(data!$C$2:$C$27,MATCH(I8,data!$A$2:$A$27,0)),0) -> 0 | J10: =IFERROR(INDEX(data!$C$2:$C$27,MATCH(J8,data!$A$2:$A$27,0)),0) -> 0 | ... AA10: =IFERROR(INDEX(data!$C$2:$C$27,MATCH(AA8,data!$A$2:$A$27,0)),0) -> 0 | AC10: 3级
B12: 粮草 | C12: =IF(LEFT(C11,1)="跳",RIGHT(C11,LEN(C11)-1)*10*IF(C$17="是",0.8,1),IF(C11="营地",-INDEX(data!$H$2:$H$91,MATCH($A$2*1,data!$G$2:$G$91,0))+50*IF(C$17="是",0.8,1),IFERROR(INDEX(data!$B$2:$B$27,MATCH(C11,data!$A$2:$A$27,0)),0)*IF(C$17="是",0.8,1))) -> 0 | D12: =IF(LEFT(D11,1)="跳",RIGHT(D11,LEN(D11)-1)*10*IF(D$17="是",0.8,1),IF(D11="营地",-INDEX(data!$H$2:$H$91,MATCH($A$2*1,data!$G$2:$G$91,0))+50*IF(D$17="是",0.8,1),IFERROR(INDEX(data!$B$2:$B$27,MATCH(D11,data!$A$2:$A$27,0)),0)*IF(D$17="是",0.8,1))) -> 0 | E12: =IF(LEFT(E11,1)="跳",RIGHT(E11,LEN(E11)-1)*10*IF(E$17="是",0.8,1),IF(E11="营地",-INDEX(data!$H$2:$H$91,MATCH($A$2*1,data!$G$2:$G$91,0))+50*IF(E$17="是",0.8,1),IFERROR(INDEX(data!$B$2:$B$27,MATCH(E11,data!$A$2:$A$27,0)),0)*IF(E$17="是",0.8,1))) -> 0 | F12: =IF(LEFT(F11,1)="跳",RIGHT(F11,LEN(F11)-1)*10*IF(F$17="是",0.8,1),IF(F11="营地",-INDEX(data!$H$2:$H$91,MATCH($A$2*1,data!$G$2:$G$91,0))+50*IF(F$17="是",0.8,1),IFERROR(INDEX(data!$B$2:$B$27,MATCH(F11,data!$A$2:$A$27,0)),0)*IF(F$17="是",0.8,1))) -> 0 | G12: =IF(LEFT(G11,1)="跳",RIGHT(G11,LEN(G11)-1)*10*IF(G$17="是",0.8,1),IF(G11="营地",-INDEX(data!$H$2:$H$91,MATCH($A$2*1,data!$G$2:$G$91,0))+50*IF(G$17="是",0.8,1),IFERROR(INDEX(data!$B$2:$B$27,MATCH(G11,data!$A$2:$A$27,0)),0)*IF(G$17="是",0.8,1))) -> 0 | H12: =IF(LEFT(H11,1)="跳",RIGHT(H11,LEN(H11)-1)*10*IF(H$17="是",0.8,1),IF(H11="营地",-INDEX(data!$H$2:$H$91,MATCH($A$2*1,data!$G$2:$G$91,0))+50*IF(H$17="是",0.8,1),IFERROR(INDEX(data!$B$2:$B$27,MATCH(H11,data!$A$2:$A$27,0)),0)*IF(H$17="是",0.8,1))) -> 0 | I12: =IF(LEFT(I11,1)="跳",RIGHT(I11,LEN(I11)-1)*10*IF(I$17="是",0.8,1),IF(I11="营地",-INDEX(data!$H$2:$H$91,MATCH($A$2*1,data!$G$2:$G$91,0))+50*IF(I$17="是",0.8,1),IFERROR(INDEX(data!$B$2:$B$27,MATCH(I11,data!$A$2:$A$27,0)),0)*IF(I$17="是",0.8,1))) -> 0 | J12: =IF(LEFT(J11,1)="跳",RIGHT(J11,LEN(J11)-1)*10*IF(J$17="是",0.8,1),IF(J11="营地",-INDEX(data!$H$2:$H$91,MATCH($A$2*1,data!$G$2:$G$91,0))+50*IF(J$17="是",0.8,1),IFERROR(INDEX(data!$B$2:$B$27,MATCH(J11,data!$A$2:$A$27,0)),0)*IF(J$17="是",0.8,1))) -> 0 | ... AA12: =IF(LEFT(AA11,1)="跳",RIGHT(AA11,LEN(AA11)-1)*10*IF(AA$17="是",0.8,1),IF(AA11="营地",-INDEX(data!$H$2:$H$91,MATCH($A$2*1,data!$G$2:$G$91,0))+50*IF(AA$17="是",0.8,1),IFERROR(INDEX(data!$B$2:$B$27,MATCH(AA11,data!$A$2:$A$27,0)),0)*IF(AA$17="是",0.8,1))) -> 0 | AC12: 5级
B13: 经验 | C13: =IFERROR(INDEX(data!$C$2:$C$27,MATCH(C11,data!$A$2:$A$27,0)),0) -> 0 | D13: =IFERROR(INDEX(data!$C$2:$C$27,MATCH(D11,data!$A$2:$A$27,0)),0) -> 0 | E13: =IFERROR(INDEX(data!$C$2:$C$27,MATCH(E11,data!$A$2:$A$27,0)),0) -> 0 | F13: =IFERROR(INDEX(data!$C$2:$C$27,MATCH(F11,data!$A$2:$A$27,0)),0) -> 0 | G13: =IFERROR(INDEX(data!$C$2:$C$27,MATCH(G11,data!$A$2:$A$27,0)),0) -> 0 | H13: =IFERROR(INDEX(data!$C$2:$C$27,MATCH(H11,data!$A$2:$A$27,0)),0) -> 0 | I13: =IFERROR(INDEX(data!$C$2:$C$27,MATCH(I11,data!$A$2:$A$27,0)),0) -> 0 | J13: =IFERROR(INDEX(data!$C$2:$C$27,MATCH(J11,data!$A$2:$A$27,0)),0) -> 0 | ... AA13: =IFERROR(INDEX(data!$C$2:$C$27,MATCH(AA11,data!$A$2:$A$27,0)),0) -> 0 | AC13: 6级
B15: 粮草 | C15: =IF(LEFT(C14,1)="跳",RIGHT(C14,LEN(C14)-1)*10*IF(C$17="是",0.8,1),IF(C14="营地",-INDEX(data!$H$2:$H$91,MATCH($A$2*1,data!$G$2:$G$91,0))+50*IF(C$17="是",0.8,1),IFERROR(INDEX(data!$B$2:$B$27,MATCH(C14,data!$A$2:$A$27,0)),0)*IF(C$17="是",0.8,1))) -> 0 | D15: =IF(LEFT(D14,1)="跳",RIGHT(D14,LEN(D14)-1)*10*IF(D$17="是",0.8,1),IF(D14="营地",-INDEX(data!$H$2:$H$91,MATCH($A$2*1,data!$G$2:$G$91,0))+50*IF(D$17="是",0.8,1),IFERROR(INDEX(data!$B$2:$B$27,MATCH(D14,data!$A$2:$A$27,0)),0)*IF(D$17="是",0.8,1))) -> 0 | E15: =IF(LEFT(E14,1)="跳",RIGHT(E14,LEN(E14)-1)*10*IF(E$17="是",0.8,1),IF(E14="营地",-INDEX(data!$H$2:$H$91,MATCH($A$2*1,data!$G$2:$G$91,0))+50*IF(E$17="是",0.8,1),IFERROR(INDEX(data!$B$2:$B$27,MATCH(E14,data!$A$2:$A$27,0)),0)*IF(E$17="是",0.8,1))) -> 0 | F15: =IF(LEFT(F14,1)="跳",RIGHT(F14,LEN(F14)-1)*10*IF(F$17="是",0.8,1),IF(F14="营地",-INDEX(data!$H$2:$H$91,MATCH($A$2*1,data!$G$2:$G$91,0))+50*IF(F$17="是",0.8,1),IFERROR(INDEX(data!$B$2:$B$27,MATCH(F14,data!$A$2:$A$27,0)),0)*IF(F$17="是",0.8,1))) -> 0 | G15: =IF(LEFT(G14,1)="跳",RIGHT(G14,LEN(G14)-1)*10*IF(G$17="是",0.8,1),IF(G14="营地",-INDEX(data!$H$2:$H$91,MATCH($A$2*1,data!$G$2:$G$91,0))+50*IF(G$17="是",0.8,1),IFERROR(INDEX(data!$B$2:$B$27,MATCH(G14,data!$A$2:$A$27,0)),0)*IF(G$17="是",0.8,1))) -> 0 | H15: =IF(LEFT(H14,1)="跳",RIGHT(H14,LEN(H14)-1)*10*IF(H$17="是",0.8,1),IF(H14="营地",-INDEX(data!$H$2:$H$91,MATCH($A$2*1,data!$G$2:$G$91,0))+50*IF(H$17="是",0.8,1),IFERROR(INDEX(data!$B$2:$B$27,MATCH(H14,data!$A$2:$A$27,0)),0)*IF(H$17="是",0.8,1))) -> 0 | I15: =IF(LEFT(I14,1)="跳",RIGHT(I14,LEN(I14)-1)*10*IF(I$17="是",0.8,1),IF(I14="营地",-INDEX(data!$H$2:$H$91,MATCH($A$2*1,data!$G$2:$G$91,0))+50*IF(I$17="是",0.8,1),IFERROR(INDEX(data!$B$2:$B$27,MATCH(I14,data!$A$2:$A$27,0)),0)*IF(I$17="是",0.8,1))) -> 0 | J15: =IF(LEFT(J14,1)="跳",RIGHT(J14,LEN(J14)-1)*10*IF(J$17="是",0.8,1),IF(J14="营地",-INDEX(data!$H$2:$H$91,MATCH($A$2*1,data!$G$2:$G$91,0))+50*IF(J$17="是",0.8,1),IFERROR(INDEX(data!$B$2:$B$27,MATCH(J14,data!$A$2:$A$27,0)),0)*IF(J$17="是",0.8,1))) -> 0 | ... AA15: =IF(LEFT(AA14,1)="跳",RIGHT(AA14,LEN(AA14)-1)*10*IF(AA$17="是",0.8,1),IF(AA14="营地",-INDEX(data!$H$2:$H$91,MATCH($A$2*1,data!$G$2:$G$91,0))+50*IF(AA$17="是",0.8,1),IFERROR(INDEX(data!$B$2:$B$27,MATCH(AA14,data!$A$2:$A$27,0)),0)*IF(AA$17="是",0.8,1))) -> 0 | AC15: 草2
B16: 经验 | C16: =IFERROR(INDEX(data!$C$2:$C$27,MATCH(C14,data!$A$2:$A$27,0)),0) -> 0 | D16: =IFERROR(INDEX(data!$C$2:$C$27,MATCH(D14,data!$A$2:$A$27,0)),0) -> 0 | E16: =IFERROR(INDEX(data!$C$2:$C$27,MATCH(E14,data!$A$2:$A$27,0)),0) -> 0 | F16: =IFERROR(INDEX(data!$C$2:$C$27,MATCH(F14,data!$A$2:$A$27,0)),0) -> 0 | G16: =IFERROR(INDEX(data!$C$2:$C$27,MATCH(G14,data!$A$2:$A$27,0)),0) -> 0 | H16: =IFERROR(INDEX(data!$C$2:$C$27,MATCH(H14,data!$A$2:$A$27,0)),0) -> 0 | I16: =IFERROR(INDEX(data!$C$2:$C$27,MATCH(I14,data!$A$2:$A$27,0)),0) -> 0 | J16: =IFERROR(INDEX(data!$C$2:$C$27,MATCH(J14,data!$A$2:$A$27,0)),0) -> 0 | ... AA16: =IFERROR(INDEX(data!$C$2:$C$27,MATCH(AA14,data!$A$2:$A$27,0)),0) -> 0 | AC16: 草3
B17: 八卦齐 | C17: 否 | D17: 否 | E17: 否 | F17: 否 | G17: 否 | H17: 否 | I17: 否 | J17: 否 | K17: 否 | L17: 否 | M17: 否 | N17: 否 | O17: 否 | P17: 否 | Q17: 否 | R17: 否 | S17: 否 | T17: 否 | U17: 否 | V17: 否 | W17: 否 | X17: 否 | Y17: 否 | Z17: 否 | AA17: 否 | AC17: 草4
AC18: 草5
AC19: 草6
AC20: 遗迹
AC21: 商人
AC22: 营地
AC23: 大卦
AC24: 3级卦
AC25: 巨卦
AC26: 大boss
AC27: 中boss
AC28: 4级卦
AC29: 塔1
... AC33: 历练

Sheet 5
A1: Day | B1: Date | C1: =HYPERLINK("#" & (A2-1) & "!A1", "昨日") -> 昨日 | D1: =HYPERLINK("#" &(A2+1)& "!A1","明日") -> 明日 | F1: 消耗粮草 | G1: 获得经验 | H1: 初始行动 | I1: 结束行动 | J1: 跳步 | AB1: =HYPERLINK("#Main!A1", "总表") -> 总表 | AC1: =IF(MIN(H2:H4)<0, "行动不足", "") | AD1: =IF(D4<0, "粮草不足", "")
A2: {=MID(CELL("filename",A4),FIND("]",CELL("filename",A4))+1,255)} -> 5 | B2: =INDEX(data!I2:I91,MATCH(A2*1,data!G2:G91,0)) -> 46189 | E2: 一队 | F2: =SUM(C9:AA9) -> 0 | G2: =SUM(C10:AA10) -> 0 | H2: {=MIN(18,INDIRECT("'"&$A$2-1&"'!I2")+6)} -> 18 | I2: {=H2-SUM(IFERROR(INDEX(data!$D$2:$D$27,MATCH(C8:AA8,data!$A$2:$A$27,0)),0))} -> 18 | J2: {=SUM(IFERROR(VALUE(MID(IF(LEFT(C8:AA8,1)="跳",C8:AA8,""),2,10)),0))} -> 0
A3: 起始粮草 | B3: 消耗粮草 | C3: 调粮 | D3: 余粮 | E3: 二队 | F3: =SUM(C12:AA12) -> 0 | G3: =SUM(C13:AA13) -> 0 | H3: {=MIN(18,INDIRECT("'"&$A$2-1&"'!I3")+6)} -> 18 | I3: {=H3-SUM(IFERROR(INDEX(data!$D$2:$D$27,MATCH(C11:AA11,data!$A$2:$A$27,0)),0))} -> 18 | J3: {=SUM(IFERROR(VALUE(MID(IF(LEFT(C11:AA11,1)="跳",C11:AA11,""),2,10)),0))} -> 0
A4: {=INDIRECT("'"&A2-1&"'!D4")+1600} -> 13200 | B4: =SUM(F2:F4) -> 0 | C4: 0 | D4: =A4-B4+C4 -> 13200 | E4: 三队 | F4: =SUM(C15:AA15) -> 0 | G4: =SUM(C16:AA16) -> 0 | H4: {=MIN(18,INDIRECT("'"&$A$2-1&"'!I4")+6)} -> 18 | I4: {=H4-SUM(IFERROR(INDEX(data!$D$2:$D$27,MATCH(C14:AA14,data!$A$2:$A$27,0)),0))} -> 18 | J4: {=SUM(IFERROR(VALUE(MID(IF(LEFT(C14:AA14,1)="跳",C14:AA14,""),2,10)),0))} -> 0
A5: 起始经验 | B5: 获得经验 | C5: 调分 | D5: 经验
A6: {=INDIRECT("'"&A2-1&"'!D6")} -> 0 | B6: =SUM(G2:G4) -> 0 | C6: 0 | D6: =A6+B6+C6 -> 0 | AC6: 跳 | AD6: 1
C7: 1 | D7: 2 | E7: 3 | F7: 4 | G7: 5 | H7: 6 | I7: 7 | J7: 8 | K7: 9 | L7: 10 | M7: 11 | N7: 12 | O7: 13 | P7: 14 | Q7: 15 | R7: 16 | S7: 17 | T7: 18 | U7: 19 | V7: 20 | W7: 21 | X7: 22 | Y7: 23 | Z7: 24 | AA7: 25 | AC7: =_xlfn.CONCAT(AC6,AD6) -> 跳1
B9: 粮草 | C9: =IF(LEFT(C8,1)="跳",RIGHT(C8,LEN(C8)-1)*10*IF(C$17="是",0.8,1),IF(C8="营地",-INDEX(data!$H$2:$H$91,MATCH($A$2*1,data!$G$2:$G$91,0))+50*IF(C$17="是",0.8,1),IFERROR(INDEX(data!$B$2:$B$27,MATCH(C8,data!$A$2:$A$27,0)),0)*IF(C$17="是",0.8,1))) -> 0 | D9: =IF(LEFT(D8,1)="跳",RIGHT(D8,LEN(D8)-1)*10*IF(D$17="是",0.8,1),IF(D8="营地",-INDEX(data!$H$2:$H$91,MATCH($A$2*1,data!$G$2:$G$91,0))+50*IF(D$17="是",0.8,1),IFERROR(INDEX(data!$B$2:$B$27,MATCH(D8,data!$A$2:$A$27,0)),0)*IF(D$17="是",0.8,1))) -> 0 | E9: =IF(LEFT(E8,1)="跳",RIGHT(E8,LEN(E8)-1)*10*IF(E$17="是",0.8,1),IF(E8="营地",-INDEX(data!$H$2:$H$91,MATCH($A$2*1,data!$G$2:$G$91,0))+50*IF(E$17="是",0.8,1),IFERROR(INDEX(data!$B$2:$B$27,MATCH(E8,data!$A$2:$A$27,0)),0)*IF(E$17="是",0.8,1))) -> 0 | F9: =IF(LEFT(F8,1)="跳",RIGHT(F8,LEN(F8)-1)*10*IF(F$17="是",0.8,1),IF(F8="营地",-INDEX(data!$H$2:$H$91,MATCH($A$2*1,data!$G$2:$G$91,0))+50*IF(F$17="是",0.8,1),IFERROR(INDEX(data!$B$2:$B$27,MATCH(F8,data!$A$2:$A$27,0)),0)*IF(F$17="是",0.8,1))) -> 0 | G9: =IF(LEFT(G8,1)="跳",RIGHT(G8,LEN(G8)-1)*10*IF(G$17="是",0.8,1),IF(G8="营地",-INDEX(data!$H$2:$H$91,MATCH($A$2*1,data!$G$2:$G$91,0))+50*IF(G$17="是",0.8,1),IFERROR(INDEX(data!$B$2:$B$27,MATCH(G8,data!$A$2:$A$27,0)),0)*IF(G$17="是",0.8,1))) -> 0 | H9: =IF(LEFT(H8,1)="跳",RIGHT(H8,LEN(H8)-1)*10*IF(H$17="是",0.8,1),IF(H8="营地",-INDEX(data!$H$2:$H$91,MATCH($A$2*1,data!$G$2:$G$91,0))+50*IF(H$17="是",0.8,1),IFERROR(INDEX(data!$B$2:$B$27,MATCH(H8,data!$A$2:$A$27,0)),0)*IF(H$17="是",0.8,1))) -> 0 | I9: =IF(LEFT(I8,1)="跳",RIGHT(I8,LEN(I8)-1)*10*IF(I$17="是",0.8,1),IF(I8="营地",-INDEX(data!$H$2:$H$91,MATCH($A$2*1,data!$G$2:$G$91,0))+50*IF(I$17="是",0.8,1),IFERROR(INDEX(data!$B$2:$B$27,MATCH(I8,data!$A$2:$A$27,0)),0)*IF(I$17="是",0.8,1))) -> 0 | J9: =IF(LEFT(J8,1)="跳",RIGHT(J8,LEN(J8)-1)*10*IF(J$17="是",0.8,1),IF(J8="营地",-INDEX(data!$H$2:$H$91,MATCH($A$2*1,data!$G$2:$G$91,0))+50*IF(J$17="是",0.8,1),IFERROR(INDEX(data!$B$2:$B$27,MATCH(J8,data!$A$2:$A$27,0)),0)*IF(J$17="是",0.8,1))) -> 0 | ... AA9: =IF(LEFT(AA8,1)="跳",RIGHT(AA8,LEN(AA8)-1)*10*IF(AA$17="是",0.8,1),IF(AA8="营地",-INDEX(data!$H$2:$H$91,MATCH($A$2*1,data!$G$2:$G$91,0))+50*IF(AA$17="是",0.8,1),IFERROR(INDEX(data!$B$2:$B$27,MATCH(AA8,data!$A$2:$A$27,0)),0)*IF(AA$17="是",0.8,1))) -> 0 | AC9: 2级
B10: 经验 | C10: =IFERROR(INDEX(data!$C$2:$C$27,MATCH(C8,data!$A$2:$A$27,0)),0) -> 0 | D10: =IFERROR(INDEX(data!$C$2:$C$27,MATCH(D8,data!$A$2:$A$27,0)),0) -> 0 | E10: =IFERROR(INDEX(data!$C$2:$C$27,MATCH(E8,data!$A$2:$A$27,0)),0) -> 0 | F10: =IFERROR(INDEX(data!$C$2:$C$27,MATCH(F8,data!$A$2:$A$27,0)),0) -> 0 | G10: =IFERROR(INDEX(data!$C$2:$C$27,MATCH(G8,data!$A$2:$A$27,0)),0) -> 0 | H10: =IFERROR(INDEX(data!$C$2:$C$27,MATCH(H8,data!$A$2:$A$27,0)),0) -> 0 | I10: =IFERROR(INDEX(data!$C$2:$C$27,MATCH(I8,data!$A$2:$A$27,0)),0) -> 0 | J10: =IFERROR(INDEX(data!$C$2:$C$27,MATCH(J8,data!$A$2:$A$27,0)),0) -> 0 | ... AA10: =IFERROR(INDEX(data!$C$2:$C$27,MATCH(AA8,data!$A$2:$A$27,0)),0) -> 0 | AC10: 3级
B12: 粮草 | C12: =IF(LEFT(C11,1)="跳",RIGHT(C11,LEN(C11)-1)*10*IF(C$17="是",0.8,1),IF(C11="营地",-INDEX(data!$H$2:$H$91,MATCH($A$2*1,data!$G$2:$G$91,0))+50*IF(C$17="是",0.8,1),IFERROR(INDEX(data!$B$2:$B$27,MATCH(C11,data!$A$2:$A$27,0)),0)*IF(C$17="是",0.8,1))) -> 0 | D12: =IF(LEFT(D11,1)="跳",RIGHT(D11,LEN(D11)-1)*10*IF(D$17="是",0.8,1),IF(D11="营地",-INDEX(data!$H$2:$H$91,MATCH($A$2*1,data!$G$2:$G$91,0))+50*IF(D$17="是",0.8,1),IFERROR(INDEX(data!$B$2:$B$27,MATCH(D11,data!$A$2:$A$27,0)),0)*IF(D$17="是",0.8,1))) -> 0 | E12: =IF(LEFT(E11,1)="跳",RIGHT(E11,LEN(E11)-1)*10*IF(E$17="是",0.8,1),IF(E11="营地",-INDEX(data!$H$2:$H$91,MATCH($A$2*1,data!$G$2:$G$91,0))+50*IF(E$17="是",0.8,1),IFERROR(INDEX(data!$B$2:$B$27,MATCH(E11,data!$A$2:$A$27,0)),0)*IF(E$17="是",0.8,1))) -> 0 | F12: =IF(LEFT(F11,1)="跳",RIGHT(F11,LEN(F11)-1)*10*IF(F$17="是",0.8,1),IF(F11="营地",-INDEX(data!$H$2:$H$91,MATCH($A$2*1,data!$G$2:$G$91,0))+50*IF(F$17="是",0.8,1),IFERROR(INDEX(data!$B$2:$B$27,MATCH(F11,data!$A$2:$A$27,0)),0)*IF(F$17="是",0.8,1))) -> 0 | G12: =IF(LEFT(G11,1)="跳",RIGHT(G11,LEN(G11)-1)*10*IF(G$17="是",0.8,1),IF(G11="营地",-INDEX(data!$H$2:$H$91,MATCH($A$2*1,data!$G$2:$G$91,0))+50*IF(G$17="是",0.8,1),IFERROR(INDEX(data!$B$2:$B$27,MATCH(G11,data!$A$2:$A$27,0)),0)*IF(G$17="是",0.8,1))) -> 0 | H12: =IF(LEFT(H11,1)="跳",RIGHT(H11,LEN(H11)-1)*10*IF(H$17="是",0.8,1),IF(H11="营地",-INDEX(data!$H$2:$H$91,MATCH($A$2*1,data!$G$2:$G$91,0))+50*IF(H$17="是",0.8,1),IFERROR(INDEX(data!$B$2:$B$27,MATCH(H11,data!$A$2:$A$27,0)),0)*IF(H$17="是",0.8,1))) -> 0 | I12: =IF(LEFT(I11,1)="跳",RIGHT(I11,LEN(I11)-1)*10*IF(I$17="是",0.8,1),IF(I11="营地",-INDEX(data!$H$2:$H$91,MATCH($A$2*1,data!$G$2:$G$91,0))+50*IF(I$17="是",0.8,1),IFERROR(INDEX(data!$B$2:$B$27,MATCH(I11,data!$A$2:$A$27,0)),0)*IF(I$17="是",0.8,1))) -> 0 | J12: =IF(LEFT(J11,1)="跳",RIGHT(J11,LEN(J11)-1)*10*IF(J$17="是",0.8,1),IF(J11="营地",-INDEX(data!$H$2:$H$91,MATCH($A$2*1,data!$G$2:$G$91,0))+50*IF(J$17="是",0.8,1),IFERROR(INDEX(data!$B$2:$B$27,MATCH(J11,data!$A$2:$A$27,0)),0)*IF(J$17="是",0.8,1))) -> 0 | ... AA12: =IF(LEFT(AA11,1)="跳",RIGHT(AA11,LEN(AA11)-1)*10*IF(AA$17="是",0.8,1),IF(AA11="营地",-INDEX(data!$H$2:$H$91,MATCH($A$2*1,data!$G$2:$G$91,0))+50*IF(AA$17="是",0.8,1),IFERROR(INDEX(data!$B$2:$B$27,MATCH(AA11,data!$A$2:$A$27,0)),0)*IF(AA$17="是",0.8,1))) -> 0 | AC12: 5级
B13: 经验 | C13: =IFERROR(INDEX(data!$C$2:$C$27,MATCH(C11,data!$A$2:$A$27,0)),0) -> 0 | D13: =IFERROR(INDEX(data!$C$2:$C$27,MATCH(D11,data!$A$2:$A$27,0)),0) -> 0 | E13: =IFERROR(INDEX(data!$C$2:$C$27,MATCH(E11,data!$A$2:$A$27,0)),0) -> 0 | F13: =IFERROR(INDEX(data!$C$2:$C$27,MATCH(F11,data!$A$2:$A$27,0)),0) -> 0 | G13: =IFERROR(INDEX(data!$C$2:$C$27,MATCH(G11,data!$A$2:$A$27,0)),0) -> 0 | H13: =IFERROR(INDEX(data!$C$2:$C$27,MATCH(H11,data!$A$2:$A$27,0)),0) -> 0 | I13: =IFERROR(INDEX(data!$C$2:$C$27,MATCH(I11,data!$A$2:$A$27,0)),0) -> 0 | J13: =IFERROR(INDEX(data!$C$2:$C$27,MATCH(J11,data!$A$2:$A$27,0)),0) -> 0 | ... AA13: =IFERROR(INDEX(data!$C$2:$C$27,MATCH(AA11,data!$A$2:$A$27,0)),0) -> 0 | AC13: 6级
B15: 粮草 | C15: =IF(LEFT(C14,1)="跳",RIGHT(C14,LEN(C14)-1)*10*IF(C$17="是",0.8,1),IF(C14="营地",-INDEX(data!$H$2:$H$91,MATCH($A$2*1,data!$G$2:$G$91,0))+50*IF(C$17="是",0.8,1),IFERROR(INDEX(data!$B$2:$B$27,MATCH(C14,data!$A$2:$A$27,0)),0)*IF(C$17="是",0.8,1))) -> 0 | D15: =IF(LEFT(D14,1)="跳",RIGHT(D14,LEN(D14)-1)*10*IF(D$17="是",0.8,1),IF(D14="营地",-INDEX(data!$H$2:$H$91,MATCH($A$2*1,data!$G$2:$G$91,0))+50*IF(D$17="是",0.8,1),IFERROR(INDEX(data!$B$2:$B$27,MATCH(D14,data!$A$2:$A$27,0)),0)*IF(D$17="是",0.8,1))) -> 0 | E15: =IF(LEFT(E14,1)="跳",RIGHT(E14,LEN(E14)-1)*10*IF(E$17="是",0.8,1),IF(E14="营地",-INDEX(data!$H$2:$H$91,MATCH($A$2*1,data!$G$2:$G$91,0))+50*IF(E$17="是",0.8,1),IFERROR(INDEX(data!$B$2:$B$27,MATCH(E14,data!$A$2:$A$27,0)),0)*IF(E$17="是",0.8,1))) -> 0 | F15: =IF(LEFT(F14,1)="跳",RIGHT(F14,LEN(F14)-1)*10*IF(F$17="是",0.8,1),IF(F14="营地",-INDEX(data!$H$2:$H$91,MATCH($A$2*1,data!$G$2:$G$91,0))+50*IF(F$17="是",0.8,1),IFERROR(INDEX(data!$B$2:$B$27,MATCH(F14,data!$A$2:$A$27,0)),0)*IF(F$17="是",0.8,1))) -> 0 | G15: =IF(LEFT(G14,1)="跳",RIGHT(G14,LEN(G14)-1)*10*IF(G$17="是",0.8,1),IF(G14="营地",-INDEX(data!$H$2:$H$91,MATCH($A$2*1,data!$G$2:$G$91,0))+50*IF(G$17="是",0.8,1),IFERROR(INDEX(data!$B$2:$B$27,MATCH(G14,data!$A$2:$A$27,0)),0)*IF(G$17="是",0.8,1))) -> 0 | H15: =IF(LEFT(H14,1)="跳",RIGHT(H14,LEN(H14)-1)*10*IF(H$17="是",0.8,1),IF(H14="营地",-INDEX(data!$H$2:$H$91,MATCH($A$2*1,data!$G$2:$G$91,0))+50*IF(H$17="是",0.8,1),IFERROR(INDEX(data!$B$2:$B$27,MATCH(H14,data!$A$2:$A$27,0)),0)*IF(H$17="是",0.8,1))) -> 0 | I15: =IF(LEFT(I14,1)="跳",RIGHT(I14,LEN(I14)-1)*10*IF(I$17="是",0.8,1),IF(I14="营地",-INDEX(data!$H$2:$H$91,MATCH($A$2*1,data!$G$2:$G$91,0))+50*IF(I$17="是",0.8,1),IFERROR(INDEX(data!$B$2:$B$27,MATCH(I14,data!$A$2:$A$27,0)),0)*IF(I$17="是",0.8,1))) -> 0 | J15: =IF(LEFT(J14,1)="跳",RIGHT(J14,LEN(J14)-1)*10*IF(J$17="是",0.8,1),IF(J14="营地",-INDEX(data!$H$2:$H$91,MATCH($A$2*1,data!$G$2:$G$91,0))+50*IF(J$17="是",0.8,1),IFERROR(INDEX(data!$B$2:$B$27,MATCH(J14,data!$A$2:$A$27,0)),0)*IF(J$17="是",0.8,1))) -> 0 | ... AA15: =IF(LEFT(AA14,1)="跳",RIGHT(AA14,LEN(AA14)-1)*10*IF(AA$17="是",0.8,1),IF(AA14="营地",-INDEX(data!$H$2:$H$91,MATCH($A$2*1,data!$G$2:$G$91,0))+50*IF(AA$17="是",0.8,1),IFERROR(INDEX(data!$B$2:$B$27,MATCH(AA14,data!$A$2:$A$27,0)),0)*IF(AA$17="是",0.8,1))) -> 0 | AC15: 草2
B16: 经验 | C16: =IFERROR(INDEX(data!$C$2:$C$27,MATCH(C14,data!$A$2:$A$27,0)),0) -> 0 | D16: =IFERROR(INDEX(data!$C$2:$C$27,MATCH(D14,data!$A$2:$A$27,0)),0) -> 0 | E16: =IFERROR(INDEX(data!$C$2:$C$27,MATCH(E14,data!$A$2:$A$27,0)),0) -> 0 | F16: =IFERROR(INDEX(data!$C$2:$C$27,MATCH(F14,data!$A$2:$A$27,0)),0) -> 0 | G16: =IFERROR(INDEX(data!$C$2:$C$27,MATCH(G14,data!$A$2:$A$27,0)),0) -> 0 | H16: =IFERROR(INDEX(data!$C$2:$C$27,MATCH(H14,data!$A$2:$A$27,0)),0) -> 0 | I16: =IFERROR(INDEX(data!$C$2:$C$27,MATCH(I14,data!$A$2:$A$27,0)),0) -> 0 | J16: =IFERROR(INDEX(data!$C$2:$C$27,MATCH(J14,data!$A$2:$A$27,0)),0) -> 0 | ... AA16: =IFERROR(INDEX(data!$C$2:$C$27,MATCH(AA14,data!$A$2:$A$27,0)),0) -> 0 | AC16: 草3
B17: 八卦齐 | C17: 否 | D17: 否 | E17: 否 | F17: 否 | G17: 否 | H17: 否 | I17: 否 | J17: 否 | K17: 否 | L17: 否 | M17: 否 | N17: 否 | O17: 否 | P17: 否 | Q17: 否 | R17: 否 | S17: 否 | T17: 否 | U17: 否 | V17: 否 | W17: 否 | X17: 否 | Y17: 否 | Z17: 否 | AA17: 否 | AC17: 草4
AC18: 草5
AC19: 草6
AC20: 遗迹
AC21: 商人
AC22: 营地
AC23: 大卦
AC24: 3级卦
AC25: 巨卦
AC26: 大boss
AC27: 中boss
AC28: 4级卦
AC29: 塔1
... AC33: 历练

Sheet 4
A1: Day | B1: Date | C1: =HYPERLINK("#" & (A2-1) & "!A1", "昨日") -> 昨日 | D1: =HYPERLINK("#" &(A2+1)& "!A1","明日") -> 明日 | F1: 消耗粮草 | G1: 获得经验 | H1: 初始行动 | I1: 结束行动 | J1: 跳步 | AB1: =HYPERLINK("#Main!A1", "总表") -> 总表 | AC1: =IF(MIN(H2:H4)<0, "行动不足", "") | AD1: =IF(D4<0, "粮草不足", "")
A2: {=MID(CELL("filename",A4),FIND("]",CELL("filename",A4))+1,255)} -> 4 | B2: =INDEX(data!I2:I91,MATCH(A2*1,data!G2:G91,0)) -> 46188 | E2: 一队 | F2: =SUM(C9:AA9) -> 0 | G2: =SUM(C10:AA10) -> 0 | H2: {=MIN(18,INDIRECT("'"&$A$2-1&"'!I2")+6)} -> 18 | I2: {=H2-SUM(IFERROR(INDEX(data!$D$2:$D$27,MATCH(C8:AA8,data!$A$2:$A$27,0)),0))} -> 18 | J2: {=SUM(IFERROR(VALUE(MID(IF(LEFT(C8:AA8,1)="跳",C8:AA8,""),2,10)),0))} -> 0
A3: 起始粮草 | B3: 消耗粮草 | C3: 调粮 | D3: 余粮 | E3: 二队 | F3: =SUM(C12:AA12) -> 0 | G3: =SUM(C13:AA13) -> 0 | H3: {=MIN(18,INDIRECT("'"&$A$2-1&"'!I3")+6)} -> 18 | I3: {=H3-SUM(IFERROR(INDEX(data!$D$2:$D$27,MATCH(C11:AA11,data!$A$2:$A$27,0)),0))} -> 18 | J3: {=SUM(IFERROR(VALUE(MID(IF(LEFT(C11:AA11,1)="跳",C11:AA11,""),2,10)),0))} -> 0
A4: {=INDIRECT("'"&A2-1&"'!D4")+1600} -> 11600 | B4: =SUM(F2:F4) -> 0 | C4: 0 | D4: =A4-B4+C4 -> 11600 | E4: 三队 | F4: =SUM(C15:AA15) -> 0 | G4: =SUM(C16:AA16) -> 0 | H4: {=MIN(18,INDIRECT("'"&$A$2-1&"'!I4")+6)} -> 18 | I4: {=H4-SUM(IFERROR(INDEX(data!$D$2:$D$27,MATCH(C14:AA14,data!$A$2:$A$27,0)),0))} -> 18 | J4: {=SUM(IFERROR(VALUE(MID(IF(LEFT(C14:AA14,1)="跳",C14:AA14,""),2,10)),0))} -> 0
A5: 起始经验 | B5: 获得经验 | C5: 调分 | D5: 经验
A6: {=INDIRECT("'"&A2-1&"'!D6")} -> 0 | B6: =SUM(G2:G4) -> 0 | C6: 0 | D6: =A6+B6+C6 -> 0 | AC6: 跳 | AD6: 1
C7: 1 | D7: 2 | E7: 3 | F7: 4 | G7: 5 | H7: 6 | I7: 7 | J7: 8 | K7: 9 | L7: 10 | M7: 11 | N7: 12 | O7: 13 | P7: 14 | Q7: 15 | R7: 16 | S7: 17 | T7: 18 | U7: 19 | V7: 20 | W7: 21 | X7: 22 | Y7: 23 | Z7: 24 | AA7: 25 | AC7: =_xlfn.CONCAT(AC6,AD6) -> 跳1
B9: 粮草 | C9: =IF(LEFT(C8,1)="跳",RIGHT(C8,LEN(C8)-1)*10*IF(C$17="是",0.8,1),IF(C8="营地",-INDEX(data!$H$2:$H$91,MATCH($A$2*1,data!$G$2:$G$91,0))+50*IF(C$17="是",0.8,1),IFERROR(INDEX(data!$B$2:$B$27,MATCH(C8,data!$A$2:$A$27,0)),0)*IF(C$17="是",0.8,1))) -> 0 | D9: =IF(LEFT(D8,1)="跳",RIGHT(D8,LEN(D8)-1)*10*IF(D$17="是",0.8,1),IF(D8="营地",-INDEX(data!$H$2:$H$91,MATCH($A$2*1,data!$G$2:$G$91,0))+50*IF(D$17="是",0.8,1),IFERROR(INDEX(data!$B$2:$B$27,MATCH(D8,data!$A$2:$A$27,0)),0)*IF(D$17="是",0.8,1))) -> 0 | E9: =IF(LEFT(E8,1)="跳",RIGHT(E8,LEN(E8)-1)*10*IF(E$17="是",0.8,1),IF(E8="营地",-INDEX(data!$H$2:$H$91,MATCH($A$2*1,data!$G$2:$G$91,0))+50*IF(E$17="是",0.8,1),IFERROR(INDEX(data!$B$2:$B$27,MATCH(E8,data!$A$2:$A$27,0)),0)*IF(E$17="是",0.8,1))) -> 0 | F9: =IF(LEFT(F8,1)="跳",RIGHT(F8,LEN(F8)-1)*10*IF(F$17="是",0.8,1),IF(F8="营地",-INDEX(data!$H$2:$H$91,MATCH($A$2*1,data!$G$2:$G$91,0))+50*IF(F$17="是",0.8,1),IFERROR(INDEX(data!$B$2:$B$27,MATCH(F8,data!$A$2:$A$27,0)),0)*IF(F$17="是",0.8,1))) -> 0 | G9: =IF(LEFT(G8,1)="跳",RIGHT(G8,LEN(G8)-1)*10*IF(G$17="是",0.8,1),IF(G8="营地",-INDEX(data!$H$2:$H$91,MATCH($A$2*1,data!$G$2:$G$91,0))+50*IF(G$17="是",0.8,1),IFERROR(INDEX(data!$B$2:$B$27,MATCH(G8,data!$A$2:$A$27,0)),0)*IF(G$17="是",0.8,1))) -> 0 | H9: =IF(LEFT(H8,1)="跳",RIGHT(H8,LEN(H8)-1)*10*IF(H$17="是",0.8,1),IF(H8="营地",-INDEX(data!$H$2:$H$91,MATCH($A$2*1,data!$G$2:$G$91,0))+50*IF(H$17="是",0.8,1),IFERROR(INDEX(data!$B$2:$B$27,MATCH(H8,data!$A$2:$A$27,0)),0)*IF(H$17="是",0.8,1))) -> 0 | I9: =IF(LEFT(I8,1)="跳",RIGHT(I8,LEN(I8)-1)*10*IF(I$17="是",0.8,1),IF(I8="营地",-INDEX(data!$H$2:$H$91,MATCH($A$2*1,data!$G$2:$G$91,0))+50*IF(I$17="是",0.8,1),IFERROR(INDEX(data!$B$2:$B$27,MATCH(I8,data!$A$2:$A$27,0)),0)*IF(I$17="是",0.8,1))) -> 0 | J9: =IF(LEFT(J8,1)="跳",RIGHT(J8,LEN(J8)-1)*10*IF(J$17="是",0.8,1),IF(J8="营地",-INDEX(data!$H$2:$H$91,MATCH($A$2*1,data!$G$2:$G$91,0))+50*IF(J$17="是",0.8,1),IFERROR(INDEX(data!$B$2:$B$27,MATCH(J8,data!$A$2:$A$27,0)),0)*IF(J$17="是",0.8,1))) -> 0 | ... AA9: =IF(LEFT(AA8,1)="跳",RIGHT(AA8,LEN(AA8)-1)*10*IF(AA$17="是",0.8,1),IF(AA8="营地",-INDEX(data!$H$2:$H$91,MATCH($A$2*1,data!$G$2:$G$91,0))+50*IF(AA$17="是",0.8,1),IFERROR(INDEX(data!$B$2:$B$27,MATCH(AA8,data!$A$2:$A$27,0)),0)*IF(AA$17="是",0.8,1))) -> 0 | AC9: 2级
B10: 经验 | C10: =IFERROR(INDEX(data!$C$2:$C$27,MATCH(C8,data!$A$2:$A$27,0)),0) -> 0 | D10: =IFERROR(INDEX(data!$C$2:$C$27,MATCH(D8,data!$A$2:$A$27,0)),0) -> 0 | E10: =IFERROR(INDEX(data!$C$2:$C$27,MATCH(E8,data!$A$2:$A$27,0)),0) -> 0 | F10: =IFERROR(INDEX(data!$C$2:$C$27,MATCH(F8,data!$A$2:$A$27,0)),0) -> 0 | G10: =IFERROR(INDEX(data!$C$2:$C$27,MATCH(G8,data!$A$2:$A$27,0)),0) -> 0 | H10: =IFERROR(INDEX(data!$C$2:$C$27,MATCH(H8,data!$A$2:$A$27,0)),0) -> 0 | I10: =IFERROR(INDEX(data!$C$2:$C$27,MATCH(I8,data!$A$2:$A$27,0)),0) -> 0 | J10: =IFERROR(INDEX(data!$C$2:$C$27,MATCH(J8,data!$A$2:$A$27,0)),0) -> 0 | ... AA10: =IFERROR(INDEX(data!$C$2:$C$27,MATCH(AA8,data!$A$2:$A$27,0)),0) -> 0 | AC10: 3级
B12: 粮草 | C12: =IF(LEFT(C11,1)="跳",RIGHT(C11,LEN(C11)-1)*10*IF(C$17="是",0.8,1),IF(C11="营地",-INDEX(data!$H$2:$H$91,MATCH($A$2*1,data!$G$2:$G$91,0))+50*IF(C$17="是",0.8,1),IFERROR(INDEX(data!$B$2:$B$27,MATCH(C11,data!$A$2:$A$27,0)),0)*IF(C$17="是",0.8,1))) -> 0 | D12: =IF(LEFT(D11,1)="跳",RIGHT(D11,LEN(D11)-1)*10*IF(D$17="是",0.8,1),IF(D11="营地",-INDEX(data!$H$2:$H$91,MATCH($A$2*1,data!$G$2:$G$91,0))+50*IF(D$17="是",0.8,1),IFERROR(INDEX(data!$B$2:$B$27,MATCH(D11,data!$A$2:$A$27,0)),0)*IF(D$17="是",0.8,1))) -> 0 | E12: =IF(LEFT(E11,1)="跳",RIGHT(E11,LEN(E11)-1)*10*IF(E$17="是",0.8,1),IF(E11="营地",-INDEX(data!$H$2:$H$91,MATCH($A$2*1,data!$G$2:$G$91,0))+50*IF(E$17="是",0.8,1),IFERROR(INDEX(data!$B$2:$B$27,MATCH(E11,data!$A$2:$A$27,0)),0)*IF(E$17="是",0.8,1))) -> 0 | F12: =IF(LEFT(F11,1)="跳",RIGHT(F11,LEN(F11)-1)*10*IF(F$17="是",0.8,1),IF(F11="营地",-INDEX(data!$H$2:$H$91,MATCH($A$2*1,data!$G$2:$G$91,0))+50*IF(F$17="是",0.8,1),IFERROR(INDEX(data!$B$2:$B$27,MATCH(F11,data!$A$2:$A$27,0)),0)*IF(F$17="是",0.8,1))) -> 0 | G12: =IF(LEFT(G11,1)="跳",RIGHT(G11,LEN(G11)-1)*10*IF(G$17="是",0.8,1),IF(G11="营地",-INDEX(data!$H$2:$H$91,MATCH($A$2*1,data!$G$2:$G$91,0))+50*IF(G$17="是",0.8,1),IFERROR(INDEX(data!$B$2:$B$27,MATCH(G11,data!$A$2:$A$27,0)),0)*IF(G$17="是",0.8,1))) -> 0 | H12: =IF(LEFT(H11,1)="跳",RIGHT(H11,LEN(H11)-1)*10*IF(H$17="是",0.8,1),IF(H11="营地",-INDEX(data!$H$2:$H$91,MATCH($A$2*1,data!$G$2:$G$91,0))+50*IF(H$17="是",0.8,1),IFERROR(INDEX(data!$B$2:$B$27,MATCH(H11,data!$A$2:$A$27,0)),0)*IF(H$17="是",0.8,1))) -> 0 | I12: =IF(LEFT(I11,1)="跳",RIGHT(I11,LEN(I11)-1)*10*IF(I$17="是",0.8,1),IF(I11="营地",-INDEX(data!$H$2:$H$91,MATCH($A$2*1,data!$G$2:$G$91,0))+50*IF(I$17="是",0.8,1),IFERROR(INDEX(data!$B$2:$B$27,MATCH(I11,data!$A$2:$A$27,0)),0)*IF(I$17="是",0.8,1))) -> 0 | J12: =IF(LEFT(J11,1)="跳",RIGHT(J11,LEN(J11)-1)*10*IF(J$17="是",0.8,1),IF(J11="营地",-INDEX(data!$H$2:$H$91,MATCH($A$2*1,data!$G$2:$G$91,0))+50*IF(J$17="是",0.8,1),IFERROR(INDEX(data!$B$2:$B$27,MATCH(J11,data!$A$2:$A$27,0)),0)*IF(J$17="是",0.8,1))) -> 0 | ... AA12: =IF(LEFT(AA11,1)="跳",RIGHT(AA11,LEN(AA11)-1)*10*IF(AA$17="是",0.8,1),IF(AA11="营地",-INDEX(data!$H$2:$H$91,MATCH($A$2*1,data!$G$2:$G$91,0))+50*IF(AA$17="是",0.8,1),IFERROR(INDEX(data!$B$2:$B$27,MATCH(AA11,data!$A$2:$A$27,0)),0)*IF(AA$17="是",0.8,1))) -> 0 | AC12: 5级
B13: 经验 | C13: =IFERROR(INDEX(data!$C$2:$C$27,MATCH(C11,data!$A$2:$A$27,0)),0) -> 0 | D13: =IFERROR(INDEX(data!$C$2:$C$27,MATCH(D11,data!$A$2:$A$27,0)),0) -> 0 | E13: =IFERROR(INDEX(data!$C$2:$C$27,MATCH(E11,data!$A$2:$A$27,0)),0) -> 0 | F13: =IFERROR(INDEX(data!$C$2:$C$27,MATCH(F11,data!$A$2:$A$27,0)),0) -> 0 | G13: =IFERROR(INDEX(data!$C$2:$C$27,MATCH(G11,data!$A$2:$A$27,0)),0) -> 0 | H13: =IFERROR(INDEX(data!$C$2:$C$27,MATCH(H11,data!$A$2:$A$27,0)),0) -> 0 | I13: =IFERROR(INDEX(data!$C$2:$C$27,MATCH(I11,data!$A$2:$A$27,0)),0) -> 0 | J13: =IFERROR(INDEX(data!$C$2:$C$27,MATCH(J11,data!$A$2:$A$27,0)),0) -> 0 | ... AA13: =IFERROR(INDEX(data!$C$2:$C$27,MATCH(AA11,data!$A$2:$A$27,0)),0) -> 0 | AC13: 6级
B15: 粮草 | C15: =IF(LEFT(C14,1)="跳",RIGHT(C14,LEN(C14)-1)*10*IF(C$17="是",0.8,1),IF(C14="营地",-INDEX(data!$H$2:$H$91,MATCH($A$2*1,data!$G$2:$G$91,0))+50*IF(C$17="是",0.8,1),IFERROR(INDEX(data!$B$2:$B$27,MATCH(C14,data!$A$2:$A$27,0)),0)*IF(C$17="是",0.8,1))) -> 0 | D15: =IF(LEFT(D14,1)="跳",RIGHT(D14,LEN(D14)-1)*10*IF(D$17="是",0.8,1),IF(D14="营地",-INDEX(data!$H$2:$H$91,MATCH($A$2*1,data!$G$2:$G$91,0))+50*IF(D$17="是",0.8,1),IFERROR(INDEX(data!$B$2:$B$27,MATCH(D14,data!$A$2:$A$27,0)),0)*IF(D$17="是",0.8,1))) -> 0 | E15: =IF(LEFT(E14,1)="跳",RIGHT(E14,LEN(E14)-1)*10*IF(E$17="是",0.8,1),IF(E14="营地",-INDEX(data!$H$2:$H$91,MATCH($A$2*1,data!$G$2:$G$91,0))+50*IF(E$17="是",0.8,1),IFERROR(INDEX(data!$B$2:$B$27,MATCH(E14,data!$A$2:$A$27,0)),0)*IF(E$17="是",0.8,1))) -> 0 | F15: =IF(LEFT(F14,1)="跳",RIGHT(F14,LEN(F14)-1)*10*IF(F$17="是",0.8,1),IF(F14="营地",-INDEX(data!$H$2:$H$91,MATCH($A$2*1,data!$G$2:$G$91,0))+50*IF(F$17="是",0.8,1),IFERROR(INDEX(data!$B$2:$B$27,MATCH(F14,data!$A$2:$A$27,0)),0)*IF(F$17="是",0.8,1))) -> 0 | G15: =IF(LEFT(G14,1)="跳",RIGHT(G14,LEN(G14)-1)*10*IF(G$17="是",0.8,1),IF(G14="营地",-INDEX(data!$H$2:$H$91,MATCH($A$2*1,data!$G$2:$G$91,0))+50*IF(G$17="是",0.8,1),IFERROR(INDEX(data!$B$2:$B$27,MATCH(G14,data!$A$2:$A$27,0)),0)*IF(G$17="是",0.8,1))) -> 0 | H15: =IF(LEFT(H14,1)="跳",RIGHT(H14,LEN(H14)-1)*10*IF(H$17="是",0.8,1),IF(H14="营地",-INDEX(data!$H$2:$H$91,MATCH($A$2*1,data!$G$2:$G$91,0))+50*IF(H$17="是",0.8,1),IFERROR(INDEX(data!$B$2:$B$27,MATCH(H14,data!$A$2:$A$27,0)),0)*IF(H$17="是",0.8,1))) -> 0 | I15: =IF(LEFT(I14,1)="跳",RIGHT(I14,LEN(I14)-1)*10*IF(I$17="是",0.8,1),IF(I14="营地",-INDEX(data!$H$2:$H$91,MATCH($A$2*1,data!$G$2:$G$91,0))+50*IF(I$17="是",0.8,1),IFERROR(INDEX(data!$B$2:$B$27,MATCH(I14,data!$A$2:$A$27,0)),0)*IF(I$17="是",0.8,1))) -> 0 | J15: =IF(LEFT(J14,1)="跳",RIGHT(J14,LEN(J14)-1)*10*IF(J$17="是",0.8,1),IF(J14="营地",-INDEX(data!$H$2:$H$91,MATCH($A$2*1,data!$G$2:$G$91,0))+50*IF(J$17="是",0.8,1),IFERROR(INDEX(data!$B$2:$B$27,MATCH(J14,data!$A$2:$A$27,0)),0)*IF(J$17="是",0.8,1))) -> 0 | ... AA15: =IF(LEFT(AA14,1)="跳",RIGHT(AA14,LEN(AA14)-1)*10*IF(AA$17="是",0.8,1),IF(AA14="营地",-INDEX(data!$H$2:$H$91,MATCH($A$2*1,data!$G$2:$G$91,0))+50*IF(AA$17="是",0.8,1),IFERROR(INDEX(data!$B$2:$B$27,MATCH(AA14,data!$A$2:$A$27,0)),0)*IF(AA$17="是",0.8,1))) -> 0 | AC15: 草2
B16: 经验 | C16: =IFERROR(INDEX(data!$C$2:$C$27,MATCH(C14,data!$A$2:$A$27,0)),0) -> 0 | D16: =IFERROR(INDEX(data!$C$2:$C$27,MATCH(D14,data!$A$2:$A$27,0)),0) -> 0 | E16: =IFERROR(INDEX(data!$C$2:$C$27,MATCH(E14,data!$A$2:$A$27,0)),0) -> 0 | F16: =IFERROR(INDEX(data!$C$2:$C$27,MATCH(F14,data!$A$2:$A$27,0)),0) -> 0 | G16: =IFERROR(INDEX(data!$C$2:$C$27,MATCH(G14,data!$A$2:$A$27,0)),0) -> 0 | H16: =IFERROR(INDEX(data!$C$2:$C$27,MATCH(H14,data!$A$2:$A$27,0)),0) -> 0 | I16: =IFERROR(INDEX(data!$C$2:$C$27,MATCH(I14,data!$A$2:$A$27,0)),0) -> 0 | J16: =IFERROR(INDEX(data!$C$2:$C$27,MATCH(J14,data!$A$2:$A$27,0)),0) -> 0 | ... AA16: =IFERROR(INDEX(data!$C$2:$C$27,MATCH(AA14,data!$A$2:$A$27,0)),0) -> 0 | AC16: 草3
B17: 八卦齐 | C17: 否 | D17: 否 | E17: 否 | F17: 否 | G17: 否 | H17: 否 | I17: 否 | J17: 否 | K17: 否 | L17: 否 | M17: 否 | N17: 否 | O17: 否 | P17: 否 | Q17: 否 | R17: 否 | S17: 否 | T17: 否 | U17: 否 | V17: 否 | W17: 否 | X17: 否 | Y17: 否 | Z17: 否 | AA17: 否 | AC17: 草4
AC18: 草5
AC19: 草6
AC20: 遗迹
AC21: 商人
AC22: 营地
AC23: 大卦
AC24: 3级卦
AC25: 巨卦
AC26: 大boss
AC27: 中boss
AC28: 4级卦
AC29: 塔1
... AC33: 历练

Sheet 6
A1: Day | B1: Date | C1: =HYPERLINK("#" & (A2-1) & "!A1", "昨日") -> 昨日 | D1: =HYPERLINK("#" &(A2+1)& "!A1","明日") -> 明日 | F1: 消耗粮草 | G1: 获得经验 | H1: 初始行动 | I1: 结束行动 | J1: 跳步 | AB1: =HYPERLINK("#Main!A1", "总表") -> 总表 | AC1: =IF(MIN(H2:H4)<0, "行动不足", "") | AD1: =IF(D4<0, "粮草不足", "")
A2: {=MID(CELL("filename",A4),FIND("]",CELL("filename",A4))+1,255)} -> 6 | B2: =INDEX(data!I2:I91,MATCH(A2*1,data!G2:G91,0)) -> 46190 | E2: 一队 | F2: =SUM(C9:AA9) -> 0 | G2: =SUM(C10:AA10) -> 0 | H2: {=MIN(18,INDIRECT("'"&$A$2-1&"'!I2")+6)} -> 18 | I2: {=H2-SUM(IFERROR(INDEX(data!$D$2:$D$27,MATCH(C8:AA8,data!$A$2:$A$27,0)),0))} -> 18 | J2: {=SUM(IFERROR(VALUE(MID(IF(LEFT(C8:AA8,1)="跳",C8:AA8,""),2,10)),0))} -> 0
A3: 起始粮草 | B3: 消耗粮草 | C3: 调粮 | D3: 余粮 | E3: 二队 | F3: =SUM(C12:AA12) -> 0 | G3: =SUM(C13:AA13) -> 0 | H3: {=MIN(18,INDIRECT("'"&$A$2-1&"'!I3")+6)} -> 18 | I3: {=H3-SUM(IFERROR(INDEX(data!$D$2:$D$27,MATCH(C11:AA11,data!$A$2:$A$27,0)),0))} -> 18 | J3: {=SUM(IFERROR(VALUE(MID(IF(LEFT(C11:AA11,1)="跳",C11:AA11,""),2,10)),0))} -> 0
A4: {=INDIRECT("'"&A2-1&"'!D4")+1600} -> 14800 | B4: =SUM(F2:F4) -> 0 | C4: 0 | D4: =A4-B4+C4 -> 14800 | E4: 三队 | F4: =SUM(C15:AA15) -> 0 | G4: =SUM(C16:AA16) -> 0 | H4: {=MIN(18,INDIRECT("'"&$A$2-1&"'!I4")+6)} -> 18 | I4: {=H4-SUM(IFERROR(INDEX(data!$D$2:$D$27,MATCH(C14:AA14,data!$A$2:$A$27,0)),0))} -> 18 | J4: {=SUM(IFERROR(VALUE(MID(IF(LEFT(C14:AA14,1)="跳",C14:AA14,""),2,10)),0))} -> 0
A5: 起始经验 | B5: 获得经验 | C5: 调分 | D5: 经验
A6: {=INDIRECT("'"&A2-1&"'!D6")} -> 0 | B6: =SUM(G2:G4) -> 0 | C6: 0 | D6: =A6+B6+C6 -> 0 | AC6: 跳 | AD6: 1
C7: 1 | D7: 2 | E7: 3 | F7: 4 | G7: 5 | H7: 6 | I7: 7 | J7: 8 | K7: 9 | L7: 10 | M7: 11 | N7: 12 | O7: 13 | P7: 14 | Q7: 15 | R7: 16 | S7: 17 | T7: 18 | U7: 19 | V7: 20 | W7: 21 | X7: 22 | Y7: 23 | Z7: 24 | AA7: 25 | AC7: =_xlfn.CONCAT(AC6,AD6) -> 跳1
B9: 粮草 | C9: =IF(LEFT(C8,1)="跳",RIGHT(C8,LEN(C8)-1)*10*IF(C$17="是",0.8,1),IF(C8="营地",-INDEX(data!$H$2:$H$91,MATCH($A$2*1,data!$G$2:$G$91,0))+50*IF(C$17="是",0.8,1),IFERROR(INDEX(data!$B$2:$B$27,MATCH(C8,data!$A$2:$A$27,0)),0)*IF(C$17="是",0.8,1))) -> 0 | D9: =IF(LEFT(D8,1)="跳",RIGHT(D8,LEN(D8)-1)*10*IF(D$17="是",0.8,1),IF(D8="营地",-INDEX(data!$H$2:$H$91,MATCH($A$2*1,data!$G$2:$G$91,0))+50*IF(D$17="是",0.8,1),IFERROR(INDEX(data!$B$2:$B$27,MATCH(D8,data!$A$2:$A$27,0)),0)*IF(D$17="是",0.8,1))) -> 0 | E9: =IF(LEFT(E8,1)="跳",RIGHT(E8,LEN(E8)-1)*10*IF(E$17="是",0.8,1),IF(E8="营地",-INDEX(data!$H$2:$H$91,MATCH($A$2*1,data!$G$2:$G$91,0))+50*IF(E$17="是",0.8,1),IFERROR(INDEX(data!$B$2:$B$27,MATCH(E8,data!$A$2:$A$27,0)),0)*IF(E$17="是",0.8,1))) -> 0 | F9: =IF(LEFT(F8,1)="跳",RIGHT(F8,LEN(F8)-1)*10*IF(F$17="是",0.8,1),IF(F8="营地",-INDEX(data!$H$2:$H$91,MATCH($A$2*1,data!$G$2:$G$91,0))+50*IF(F$17="是",0.8,1),IFERROR(INDEX(data!$B$2:$B$27,MATCH(F8,data!$A$2:$A$27,0)),0)*IF(F$17="是",0.8,1))) -> 0 | G9: =IF(LEFT(G8,1)="跳",RIGHT(G8,LEN(G8)-1)*10*IF(G$17="是",0.8,1),IF(G8="营地",-INDEX(data!$H$2:$H$91,MATCH($A$2*1,data!$G$2:$G$91,0))+50*IF(G$17="是",0.8,1),IFERROR(INDEX(data!$B$2:$B$27,MATCH(G8,data!$A$2:$A$27,0)),0)*IF(G$17="是",0.8,1))) -> 0 | H9: =IF(LEFT(H8,1)="跳",RIGHT(H8,LEN(H8)-1)*10*IF(H$17="是",0.8,1),IF(H8="营地",-INDEX(data!$H$2:$H$91,MATCH($A$2*1,data!$G$2:$G$91,0))+50*IF(H$17="是",0.8,1),IFERROR(INDEX(data!$B$2:$B$27,MATCH(H8,data!$A$2:$A$27,0)),0)*IF(H$17="是",0.8,1))) -> 0 | I9: =IF(LEFT(I8,1)="跳",RIGHT(I8,LEN(I8)-1)*10*IF(I$17="是",0.8,1),IF(I8="营地",-INDEX(data!$H$2:$H$91,MATCH($A$2*1,data!$G$2:$G$91,0))+50*IF(I$17="是",0.8,1),IFERROR(INDEX(data!$B$2:$B$27,MATCH(I8,data!$A$2:$A$27,0)),0)*IF(I$17="是",0.8,1))) -> 0 | J9: =IF(LEFT(J8,1)="跳",RIGHT(J8,LEN(J8)-1)*10*IF(J$17="是",0.8,1),IF(J8="营地",-INDEX(data!$H$2:$H$91,MATCH($A$2*1,data!$G$2:$G$91,0))+50*IF(J$17="是",0.8,1),IFERROR(INDEX(data!$B$2:$B$27,MATCH(J8,data!$A$2:$A$27,0)),0)*IF(J$17="是",0.8,1))) -> 0 | ... AA9: =IF(LEFT(AA8,1)="跳",RIGHT(AA8,LEN(AA8)-1)*10*IF(AA$17="是",0.8,1),IF(AA8="营地",-INDEX(data!$H$2:$H$91,MATCH($A$2*1,data!$G$2:$G$91,0))+50*IF(AA$17="是",0.8,1),IFERROR(INDEX(data!$B$2:$B$27,MATCH(AA8,data!$A$2:$A$27,0)),0)*IF(AA$17="是",0.8,1))) -> 0 | AC9: 2级
B10: 经验 | C10: =IFERROR(INDEX(data!$C$2:$C$27,MATCH(C8,data!$A$2:$A$27,0)),0) -> 0 | D10: =IFERROR(INDEX(data!$C$2:$C$27,MATCH(D8,data!$A$2:$A$27,0)),0) -> 0 | E10: =IFERROR(INDEX(data!$C$2:$C$27,MATCH(E8,data!$A$2:$A$27,0)),0) -> 0 | F10: =IFERROR(INDEX(data!$C$2:$C$27,MATCH(F8,data!$A$2:$A$27,0)),0) -> 0 | G10: =IFERROR(INDEX(data!$C$2:$C$27,MATCH(G8,data!$A$2:$A$27,0)),0) -> 0 | H10: =IFERROR(INDEX(data!$C$2:$C$27,MATCH(H8,data!$A$2:$A$27,0)),0) -> 0 | I10: =IFERROR(INDEX(data!$C$2:$C$27,MATCH(I8,data!$A$2:$A$27,0)),0) -> 0 | J10: =IFERROR(INDEX(data!$C$2:$C$27,MATCH(J8,data!$A$2:$A$27,0)),0) -> 0 | ... AA10: =IFERROR(INDEX(data!$C$2:$C$27,MATCH(AA8,data!$A$2:$A$27,0)),0) -> 0 | AC10: 3级
B12: 粮草 | C12: =IF(LEFT(C11,1)="跳",RIGHT(C11,LEN(C11)-1)*10*IF(C$17="是",0.8,1),IF(C11="营地",-INDEX(data!$H$2:$H$91,MATCH($A$2*1,data!$G$2:$G$91,0))+50*IF(C$17="是",0.8,1),IFERROR(INDEX(data!$B$2:$B$27,MATCH(C11,data!$A$2:$A$27,0)),0)*IF(C$17="是",0.8,1))) -> 0 | D12: =IF(LEFT(D11,1)="跳",RIGHT(D11,LEN(D11)-1)*10*IF(D$17="是",0.8,1),IF(D11="营地",-INDEX(data!$H$2:$H$91,MATCH($A$2*1,data!$G$2:$G$91,0))+50*IF(D$17="是",0.8,1),IFERROR(INDEX(data!$B$2:$B$27,MATCH(D11,data!$A$2:$A$27,0)),0)*IF(D$17="是",0.8,1))) -> 0 | E12: =IF(LEFT(E11,1)="跳",RIGHT(E11,LEN(E11)-1)*10*IF(E$17="是",0.8,1),IF(E11="营地",-INDEX(data!$H$2:$H$91,MATCH($A$2*1,data!$G$2:$G$91,0))+50*IF(E$17="是",0.8,1),IFERROR(INDEX(data!$B$2:$B$27,MATCH(E11,data!$A$2:$A$27,0)),0)*IF(E$17="是",0.8,1))) -> 0 | F12: =IF(LEFT(F11,1)="跳",RIGHT(F11,LEN(F11)-1)*10*IF(F$17="是",0.8,1),IF(F11="营地",-INDEX(data!$H$2:$H$91,MATCH($A$2*1,data!$G$2:$G$91,0))+50*IF(F$17="是",0.8,1),IFERROR(INDEX(data!$B$2:$B$27,MATCH(F11,data!$A$2:$A$27,0)),0)*IF(F$17="是",0.8,1))) -> 0 | G12: =IF(LEFT(G11,1)="跳",RIGHT(G11,LEN(G11)-1)*10*IF(G$17="是",0.8,1),IF(G11="营地",-INDEX(data!$H$2:$H$91,MATCH($A$2*1,data!$G$2:$G$91,0))+50*IF(G$17="是",0.8,1),IFERROR(INDEX(data!$B$2:$B$27,MATCH(G11,data!$A$2:$A$27,0)),0)*IF(G$17="是",0.8,1))) -> 0 | H12: =IF(LEFT(H11,1)="跳",RIGHT(H11,LEN(H11)-1)*10*IF(H$17="是",0.8,1),IF(H11="营地",-INDEX(data!$H$2:$H$91,MATCH($A$2*1,data!$G$2:$G$91,0))+50*IF(H$17="是",0.8,1),IFERROR(INDEX(data!$B$2:$B$27,MATCH(H11,data!$A$2:$A$27,0)),0)*IF(H$17="是",0.8,1))) -> 0 | I12: =IF(LEFT(I11,1)="跳",RIGHT(I11,LEN(I11)-1)*10*IF(I$17="是",0.8,1),IF(I11="营地",-INDEX(data!$H$2:$H$91,MATCH($A$2*1,data!$G$2:$G$91,0))+50*IF(I$17="是",0.8,1),IFERROR(INDEX(data!$B$2:$B$27,MATCH(I11,data!$A$2:$A$27,0)),0)*IF(I$17="是",0.8,1))) -> 0 | J12: =IF(LEFT(J11,1)="跳",RIGHT(J11,LEN(J11)-1)*10*IF(J$17="是",0.8,1),IF(J11="营地",-INDEX(data!$H$2:$H$91,MATCH($A$2*1,data!$G$2:$G$91,0))+50*IF(J$17="是",0.8,1),IFERROR(INDEX(data!$B$2:$B$27,MATCH(J11,data!$A$2:$A$27,0)),0)*IF(J$17="是",0.8,1))) -> 0 | ... AA12: =IF(LEFT(AA11,1)="跳",RIGHT(AA11,LEN(AA11)-1)*10*IF(AA$17="是",0.8,1),IF(AA11="营地",-INDEX(data!$H$2:$H$91,MATCH($A$2*1,data!$G$2:$G$91,0))+50*IF(AA$17="是",0.8,1),IFERROR(INDEX(data!$B$2:$B$27,MATCH(AA11,data!$A$2:$A$27,0)),0)*IF(AA$17="是",0.8,1))) -> 0 | AC12: 5级
B13: 经验 | C13: =IFERROR(INDEX(data!$C$2:$C$27,MATCH(C11,data!$A$2:$A$27,0)),0) -> 0 | D13: =IFERROR(INDEX(data!$C$2:$C$27,MATCH(D11,data!$A$2:$A$27,0)),0) -> 0 | E13: =IFERROR(INDEX(data!$C$2:$C$27,MATCH(E11,data!$A$2:$A$27,0)),0) -> 0 | F13: =IFERROR(INDEX(data!$C$2:$C$27,MATCH(F11,data!$A$2:$A$27,0)),0) -> 0 | G13: =IFERROR(INDEX(data!$C$2:$C$27,MATCH(G11,data!$A$2:$A$27,0)),0) -> 0 | H13: =IFERROR(INDEX(data!$C$2:$C$27,MATCH(H11,data!$A$2:$A$27,0)),0) -> 0 | I13: =IFERROR(INDEX(data!$C$2:$C$27,MATCH(I11,data!$A$2:$A$27,0)),0) -> 0 | J13: =IFERROR(INDEX(data!$C$2:$C$27,MATCH(J11,data!$A$2:$A$27,0)),0) -> 0 | ... AA13: =IFERROR(INDEX(data!$C$2:$C$27,MATCH(AA11,data!$A$2:$A$27,0)),0) -> 0 | AC13: 6级
B15: 粮草 | C15: =IF(LEFT(C14,1)="跳",RIGHT(C14,LEN(C14)-1)*10*IF(C$17="是",0.8,1),IF(C14="营地",-INDEX(data!$H$2:$H$91,MATCH($A$2*1,data!$G$2:$G$91,0))+50*IF(C$17="是",0.8,1),IFERROR(INDEX(data!$B$2:$B$27,MATCH(C14,data!$A$2:$A$27,0)),0)*IF(C$17="是",0.8,1))) -> 0 | D15: =IF(LEFT(D14,1)="跳",RIGHT(D14,LEN(D14)-1)*10*IF(D$17="是",0.8,1),IF(D14="营地",-INDEX(data!$H$2:$H$91,MATCH($A$2*1,data!$G$2:$G$91,0))+50*IF(D$17="是",0.8,1),IFERROR(INDEX(data!$B$2:$B$27,MATCH(D14,data!$A$2:$A$27,0)),0)*IF(D$17="是",0.8,1))) -> 0 | E15: =IF(LEFT(E14,1)="跳",RIGHT(E14,LEN(E14)-1)*10*IF(E$17="是",0.8,1),IF(E14="营地",-INDEX(data!$H$2:$H$91,MATCH($A$2*1,data!$G$2:$G$91,0))+50*IF(E$17="是",0.8,1),IFERROR(INDEX(data!$B$2:$B$27,MATCH(E14,data!$A$2:$A$27,0)),0)*IF(E$17="是",0.8,1))) -> 0 | F15: =IF(LEFT(F14,1)="跳",RIGHT(F14,LEN(F14)-1)*10*IF(F$17="是",0.8,1),IF(F14="营地",-INDEX(data!$H$2:$H$91,MATCH($A$2*1,data!$G$2:$G$91,0))+50*IF(F$17="是",0.8,1),IFERROR(INDEX(data!$B$2:$B$27,MATCH(F14,data!$A$2:$A$27,0)),0)*IF(F$17="是",0.8,1))) -> 0 | G15: =IF(LEFT(G14,1)="跳",RIGHT(G14,LEN(G14)-1)*10*IF(G$17="是",0.8,1),IF(G14="营地",-INDEX(data!$H$2:$H$91,MATCH($A$2*1,data!$G$2:$G$91,0))+50*IF(G$17="是",0.8,1),IFERROR(INDEX(data!$B$2:$B$27,MATCH(G14,data!$A$2:$A$27,0)),0)*IF(G$17="是",0.8,1))) -> 0 | H15: =IF(LEFT(H14,1)="跳",RIGHT(H14,LEN(H14)-1)*10*IF(H$17="是",0.8,1),IF(H14="营地",-INDEX(data!$H$2:$H$91,MATCH($A$2*1,data!$G$2:$G$91,0))+50*IF(H$17="是",0.8,1),IFERROR(INDEX(data!$B$2:$B$27,MATCH(H14,data!$A$2:$A$27,0)),0)*IF(H$17="是",0.8,1))) -> 0 | I15: =IF(LEFT(I14,1)="跳",RIGHT(I14,LEN(I14)-1)*10*IF(I$17="是",0.8,1),IF(I14="营地",-INDEX(data!$H$2:$H$91,MATCH($A$2*1,data!$G$2:$G$91,0))+50*IF(I$17="是",0.8,1),IFERROR(INDEX(data!$B$2:$B$27,MATCH(I14,data!$A$2:$A$27,0)),0)*IF(I$17="是",0.8,1))) -> 0 | J15: =IF(LEFT(J14,1)="跳",RIGHT(J14,LEN(J14)-1)*10*IF(J$17="是",0.8,1),IF(J14="营地",-INDEX(data!$H$2:$H$91,MATCH($A$2*1,data!$G$2:$G$91,0))+50*IF(J$17="是",0.8,1),IFERROR(INDEX(data!$B$2:$B$27,MATCH(J14,data!$A$2:$A$27,0)),0)*IF(J$17="是",0.8,1))) -> 0 | ... AA15: =IF(LEFT(AA14,1)="跳",RIGHT(AA14,LEN(AA14)-1)*10*IF(AA$17="是",0.8,1),IF(AA14="营地",-INDEX(data!$H$2:$H$91,MATCH($A$2*1,data!$G$2:$G$91,0))+50*IF(AA$17="是",0.8,1),IFERROR(INDEX(data!$B$2:$B$27,MATCH(AA14,data!$A$2:$A$27,0)),0)*IF(AA$17="是",0.8,1))) -> 0 | AC15: 草2
B16: 经验 | C16: =IFERROR(INDEX(data!$C$2:$C$27,MATCH(C14,data!$A$2:$A$27,0)),0) -> 0 | D16: =IFERROR(INDEX(data!$C$2:$C$27,MATCH(D14,data!$A$2:$A$27,0)),0) -> 0 | E16: =IFERROR(INDEX(data!$C$2:$C$27,MATCH(E14,data!$A$2:$A$27,0)),0) -> 0 | F16: =IFERROR(INDEX(data!$C$2:$C$27,MATCH(F14,data!$A$2:$A$27,0)),0) -> 0 | G16: =IFERROR(INDEX(data!$C$2:$C$27,MATCH(G14,data!$A$2:$A$27,0)),0) -> 0 | H16: =IFERROR(INDEX(data!$C$2:$C$27,MATCH(H14,data!$A$2:$A$27,0)),0) -> 0 | I16: =IFERROR(INDEX(data!$C$2:$C$27,MATCH(I14,data!$A$2:$A$27,0)),0) -> 0 | J16: =IFERROR(INDEX(data!$C$2:$C$27,MATCH(J14,data!$A$2:$A$27,0)),0) -> 0 | ... AA16: =IFERROR(INDEX(data!$C$2:$C$27,MATCH(AA14,data!$A$2:$A$27,0)),0) -> 0 | AC16: 草3
B17: 八卦齐 | C17: 否 | D17: 否 | E17: 否 | F17: 否 | G17: 否 | H17: 否 | I17: 否 | J17: 否 | K17: 否 | L17: 否 | M17: 否 | N17: 否 | O17: 否 | P17: 否 | Q17: 否 | R17: 否 | S17: 否 | T17: 否 | U17: 否 | V17: 否 | W17: 否 | X17: 否 | Y17: 否 | Z17: 否 | AA17: 否 | AC17: 草4
AC18: 草5
AC19: 草6
AC20: 遗迹
AC21: 商人
AC22: 营地
AC23: 大卦
AC24: 3级卦
AC25: 巨卦
AC26: 大boss
AC27: 中boss
AC28: 4级卦
AC29: 塔1
... AC33: 历练

Sheet 7
A1: Day | B1: Date | C1: =HYPERLINK("#" & (A2-1) & "!A1", "昨日") -> 昨日 | D1: =HYPERLINK("#" &(A2+1)& "!A1","明日") -> 明日 | F1: 消耗粮草 | G1: 获得经验 | H1: 初始行动 | I1: 结束行动 | J1: 跳步 | AB1: =HYPERLINK("#Main!A1", "总表") -> 总表 | AC1: =IF(MIN(H2:H4)<0, "行动不足", "") | AD1: =IF(D4<0, "粮草不足", "")
A2: {=MID(CELL("filename",A4),FIND("]",CELL("filename",A4))+1,255)} -> 7 | B2: =INDEX(data!I2:I91,MATCH(A2*1,data!G2:G91,0)) -> 46191 | E2: 一队 | F2: =SUM(C9:AA9) -> 0 | G2: =SUM(C10:AA10) -> 0 | H2: {=MIN(18,INDIRECT("'"&$A$2-1&"'!I2")+6)} -> 18 | I2: {=H2-SUM(IFERROR(INDEX(data!$D$2:$D$27,MATCH(C8:AA8,data!$A$2:$A$27,0)),0))} -> 18 | J2: {=SUM(IFERROR(VALUE(MID(IF(LEFT(C8:AA8,1)="跳",C8:AA8,""),2,10)),0))} -> 0
A3: 起始粮草 | B3: 消耗粮草 | C3: 调粮 | D3: 余粮 | E3: 二队 | F3: =SUM(C12:AA12) -> 0 | G3: =SUM(C13:AA13) -> 0 | H3: {=MIN(18,INDIRECT("'"&$A$2-1&"'!I3")+6)} -> 18 | I3: {=H3-SUM(IFERROR(INDEX(data!$D$2:$D$27,MATCH(C11:AA11,data!$A$2:$A$27,0)),0))} -> 18 | J3: {=SUM(IFERROR(VALUE(MID(IF(LEFT(C11:AA11,1)="跳",C11:AA11,""),2,10)),0))} -> 0
A4: {=INDIRECT("'"&A2-1&"'!D4")+1600} -> 16400 | B4: =SUM(F2:F4) -> 0 | C4: 0 | D4: =A4-B4+C4 -> 16400 | E4: 三队 | F4: =SUM(C15:AA15) -> 0 | G4: =SUM(C16:AA16) -> 0 | H4: {=MIN(18,INDIRECT("'"&$A$2-1&"'!I4")+6)} -> 18 | I4: {=H4-SUM(IFERROR(INDEX(data!$D$2:$D$27,MATCH(C14:AA14,data!$A$2:$A$27,0)),0))} -> 18 | J4: {=SUM(IFERROR(VALUE(MID(IF(LEFT(C14:AA14,1)="跳",C14:AA14,""),2,10)),0))} -> 0
A5: 起始经验 | B5: 获得经验 | C5: 调分 | D5: 经验
A6: {=INDIRECT("'"&A2-1&"'!D6")} -> 0 | B6: =SUM(G2:G4) -> 0 | C6: 0 | D6: =A6+B6+C6 -> 0 | AC6: 跳 | AD6: 1
